{
  "type": "FeatureCollection",
  "description": "Building footprints extracted via U-Net++ segmentation and boundary refinement pipeline.",
  "crs_status": "Pixel coordinate space. Geographic coordinates unavailable because input imagery is not georeferenced.",
  "total_features": 284,
  "features": [
    {
      "type": "Feature",
      "geometry": {
        "type": "Polygon",
        "coordinates": [
          [
            [
              294.0,
              180.0
            ],
            [
              327.0,
              213.0
            ],
            [
              378.0,
              221.0
            ],
            [
              400.0,
              273.0
            ],
            [
              534.0,
              357.0
            ],
            [
              655.0,
              374.0
            ],
            [
              702.0,
              402.0
            ],
            [
              744.0,
              353.0
            ],
            [
              639.0,
              295.0
            ],
            [
              579.0,
              328.0
            ],
            [
              573.0,
              257.0
            ],
            [
              603.0,
              232.0
            ],
            [
              725.0,
              299.0
            ],
            [
              751.0,
              292.0
            ],
            [
              764.0,
              254.0
            ],
            [
              723.0,
              218.0
            ],
            [
              823.0,
              232.0
            ],
            [
              854.0,
              125.0
            ],
            [
              944.0,
              63.0
            ],
            [
              933.0,
              0.0
            ],
            [
              778.0,
              0.0
            ],
            [
              717.0,
              73.0
            ],
            [
              741.0,
              0.0
            ],
            [
              590.0,
              0.0
            ],
            [
              542.0,
              82.0
            ],
            [
              511.0,
              94.0
            ],
            [
              438.0,
              58.0
            ],
            [
              528.0,
              7.0
            ],
            [
              434.0,
              0.0
            ],
            [
              382.0,
              40.0
            ],
            [
              357.0,
              111.0
            ],
            [
              294.0,
              180.0
            ]
          ]
        ]
      },
      "properties": {
        "building_id": "tile8_image_part_001_bldg_0001",
        "source_image": "tile8_image_part_001.jpg",
        "area_pixels": 145383.5,
        "perimeter_pixels": 2619.17,
        "mean_confidence": 0.9053,
        "spatial_reference_note": "Geographic coordinates unavailable because input imagery is not georeferenced."
      }
    },
    {
      "type": "Feature",
      "geometry": {
        "type": "Polygon",
        "coordinates": [
          [
            [
              1096.0,
              43.0
            ],
            [
              1121.0,
              78.0
            ],
            [
              1236.0,
              144.0
            ],
            [
              1290.0,
              132.0
            ],
            [
              1288.0,
              102.0
            ],
            [
              1312.0,
              87.0
            ],
            [
              1370.0,
              89.0
            ],
            [
              1299.0,
              129.0
            ],
            [
              1323.0,
              138.0
            ],
            [
              1342.0,
              126.0
            ],
            [
              1375.0,
              152.0
            ],
            [
              1376.0,
              172.0
            ],
            [
              1338.0,
              192.0
            ],
            [
              1351.0,
              221.0
            ],
            [
              1381.0,
              230.0
            ],
            [
              1418.0,
              200.0
            ],
            [
              1436.0,
              136.0
            ],
            [
              1512.0,
              7.0
            ],
            [
              1376.0,
              0.0
            ],
            [
              1314.0,
              35.0
            ],
            [
              1301.0,
              23.0
            ],
            [
              1306.0,
              7.0
            ],
            [
              1286.0,
              0.0
            ],
            [
              1172.0,
              0.0
            ],
            [
              1096.0,
              43.0
            ]
          ]
        ]
      },
      "properties": {
        "building_id": "tile8_image_part_001_bldg_0002",
        "source_image": "tile8_image_part_001.jpg",
        "area_pixels": 46969.0,
        "perimeter_pixels": 1373.18,
        "mean_confidence": 0.8751,
        "spatial_reference_note": "Geographic coordinates unavailable because input imagery is not georeferenced."
      }
    },
    {
      "type": "Feature",
      "geometry": {
        "type": "Polygon",
        "coordinates": [
          [
            [
              1065.0,
              17.0
            ],
            [
              1068.0,
              19.0
            ],
            [
              1071.0,
              19.0
            ],
            [
              1073.0,
              21.0
            ],
            [
              1077.0,
              23.0
            ],
            [
              1079.0,
              23.0
            ],
            [
              1080.0,
              22.0
            ],
            [
              1088.0,
              22.0
            ],
            [
              1093.0,
              18.0
            ],
            [
              1099.0,
              16.0
            ],
            [
              1100.0,
              14.0
            ],
            [
              1100.0,
              9.0
            ],
            [
              1099.0,
              7.0
            ],
            [
              1097.0,
              7.0
            ],
            [
              1096.0,
              6.0
            ],
            [
              1090.0,
              6.0
            ],
            [
              1089.0,
              5.0
            ],
            [
              1079.0,
              5.0
            ],
            [
              1078.0,
              6.0
            ],
            [
              1076.0,
              6.0
            ],
            [
              1074.0,
              7.0
            ],
            [
              1072.0,
              9.0
            ],
            [
              1070.0,
              9.0
            ],
            [
              1069.0,
              10.0
            ],
            [
              1066.0,
              10.0
            ],
            [
              1065.0,
              12.0
            ],
            [
              1065.0,
              17.0
            ]
          ]
        ]
      },
      "properties": {
        "building_id": "tile8_image_part_001_bldg_0003",
        "source_image": "tile8_image_part_001.jpg",
        "area_pixels": 465.5,
        "perimeter_pixels": 90.48,
        "mean_confidence": 0.6212,
        "spatial_reference_note": "Geographic coordinates unavailable because input imagery is not georeferenced."
      }
    },
    {
      "type": "Feature",
      "geometry": {
        "type": "Polygon",
        "coordinates": [
          [
            [
              1042.0,
              84.0
            ],
            [
              865.0,
              302.0
            ],
            [
              806.0,
              298.0
            ],
            [
              780.0,
              334.0
            ],
            [
              1047.0,
              530.0
            ],
            [
              1089.0,
              526.0
            ],
            [
              1095.0,
              552.0
            ],
            [
              1155.0,
              562.0
            ],
            [
              1111.0,
              651.0
            ],
            [
              1071.0,
              610.0
            ],
            [
              1021.0,
              675.0
            ],
            [
              1138.0,
              754.0
            ],
            [
              1206.0,
              755.0
            ],
            [
              1267.0,
              696.0
            ],
            [
              1285.0,
              617.0
            ],
            [
              1228.0,
              602.0
            ],
            [
              1200.0,
              555.0
            ],
            [
              1120.0,
              534.0
            ],
            [
              1110.0,
              514.0
            ],
            [
              1139.0,
              493.0
            ],
            [
              1227.0,
              534.0
            ],
            [
              1266.0,
              526.0
            ],
            [
              1358.0,
              402.0
            ],
            [
              1371.0,
              310.0
            ],
            [
              1205.0,
              179.0
            ],
            [
              1042.0,
              84.0
            ]
          ]
        ]
      },
      "properties": {
        "building_id": "tile8_image_part_001_bldg_0004",
        "source_image": "tile8_image_part_001.jpg",
        "area_pixels": 187055.5,
        "perimeter_pixels": 2497.77,
        "mean_confidence": 0.9317,
        "spatial_reference_note": "Geographic coordinates unavailable because input imagery is not georeferenced."
      }
    },
    {
      "type": "Feature",
      "geometry": {
        "type": "Polygon",
        "coordinates": [
          [
            [
              8.0,
              104.0
            ],
            [
              0.0,
              108.0
            ],
            [
              0.0,
              238.0
            ],
            [
              20.0,
              249.0
            ],
            [
              35.0,
              239.0
            ],
            [
              61.0,
              212.0
            ],
            [
              63.0,
              204.0
            ],
            [
              73.0,
              196.0
            ],
            [
              77.0,
              182.0
            ],
            [
              74.0,
              178.0
            ],
            [
              73.0,
              154.0
            ],
            [
              60.0,
              129.0
            ],
            [
              37.0,
              113.0
            ],
            [
              31.0,
              113.0
            ],
            [
              16.0,
              104.0
            ],
            [
              8.0,
              104.0
            ]
          ]
        ]
      },
      "properties": {
        "building_id": "tile8_image_part_001_bldg_0005",
        "source_image": "tile8_image_part_001.jpg",
        "area_pixels": 8251.0,
        "perimeter_pixels": 369.6,
        "mean_confidence": 0.8532,
        "spatial_reference_note": "Geographic coordinates unavailable because input imagery is not georeferenced."
      }
    },
    {
      "type": "Feature",
      "geometry": {
        "type": "Polygon",
        "coordinates": [
          [
            [
              773.0,
              408.0
            ],
            [
              760.0,
              442.0
            ],
            [
              821.0,
              481.0
            ],
            [
              835.0,
              530.0
            ],
            [
              857.0,
              549.0
            ],
            [
              858.0,
              560.0
            ],
            [
              892.0,
              580.0
            ],
            [
              912.0,
              582.0
            ],
            [
              943.0,
              572.0
            ],
            [
              981.0,
              596.0
            ],
            [
              965.0,
              613.0
            ],
            [
              963.0,
              637.0
            ],
            [
              996.0,
              641.0
            ],
            [
              1002.0,
              622.0
            ],
            [
              993.0,
              597.0
            ],
            [
              1034.0,
              564.0
            ],
            [
              1027.0,
              544.0
            ],
            [
              978.0,
              526.0
            ],
            [
              926.0,
              531.0
            ],
            [
              919.0,
              519.0
            ],
            [
              922.0,
              499.0
            ],
            [
              874.0,
              448.0
            ],
            [
              807.0,
              412.0
            ],
            [
              773.0,
              408.0
            ]
          ]
        ]
      },
      "properties": {
        "building_id": "tile8_image_part_001_bldg_0006",
        "source_image": "tile8_image_part_001.jpg",
        "area_pixels": 20274.0,
        "perimeter_pixels": 856.81,
        "mean_confidence": 0.8422,
        "spatial_reference_note": "Geographic coordinates unavailable because input imagery is not georeferenced."
      }
    },
    {
      "type": "Feature",
      "geometry": {
        "type": "Polygon",
        "coordinates": [
          [
            [
              713.0,
              436.0
            ],
            [
              711.0,
              440.0
            ],
            [
              711.0,
              444.0
            ],
            [
              713.0,
              445.0
            ],
            [
              715.0,
              448.0
            ],
            [
              715.0,
              455.0
            ],
            [
              716.0,
              456.0
            ],
            [
              716.0,
              459.0
            ],
            [
              717.0,
              461.0
            ],
            [
              719.0,
              462.0
            ],
            [
              721.0,
              462.0
            ],
            [
              725.0,
              464.0
            ],
            [
              732.0,
              464.0
            ],
            [
              735.0,
              461.0
            ],
            [
              739.0,
              454.0
            ],
            [
              742.0,
              451.0
            ],
            [
              746.0,
              449.0
            ],
            [
              745.0,
              443.0
            ],
            [
              741.0,
              438.0
            ],
            [
              735.0,
              437.0
            ],
            [
              731.0,
              435.0
            ],
            [
              721.0,
              435.0
            ],
            [
              720.0,
              436.0
            ],
            [
              713.0,
              436.0
            ]
          ]
        ]
      },
      "properties": {
        "building_id": "tile8_image_part_001_bldg_0007",
        "source_image": "tile8_image_part_001.jpg",
        "area_pixels": 729.0,
        "perimeter_pixels": 106.15,
        "mean_confidence": 0.5695,
        "spatial_reference_note": "Geographic coordinates unavailable because input imagery is not georeferenced."
      }
    },
    {
      "type": "Feature",
      "geometry": {
        "type": "Polygon",
        "coordinates": [
          [
            [
              142.0,
              471.0
            ],
            [
              136.0,
              471.0
            ],
            [
              131.0,
              476.0
            ],
            [
              124.0,
              479.0
            ],
            [
              124.0,
              485.0
            ],
            [
              126.0,
              489.0
            ],
            [
              123.0,
              494.0
            ],
            [
              125.0,
              506.0
            ],
            [
              120.0,
              511.0
            ],
            [
              102.0,
              511.0
            ],
            [
              101.0,
              513.0
            ],
            [
              104.0,
              522.0
            ],
            [
              109.0,
              524.0
            ],
            [
              111.0,
              528.0
            ],
            [
              124.0,
              539.0
            ],
            [
              127.0,
              539.0
            ],
            [
              137.0,
              534.0
            ],
            [
              140.0,
              529.0
            ],
            [
              146.0,
              525.0
            ],
            [
              148.0,
              520.0
            ],
            [
              148.0,
              514.0
            ],
            [
              141.0,
              506.0
            ],
            [
              141.0,
              500.0
            ],
            [
              144.0,
              496.0
            ],
            [
              144.0,
              488.0
            ],
            [
              149.0,
              480.0
            ],
            [
              149.0,
              476.0
            ],
            [
              142.0,
              471.0
            ]
          ]
        ]
      },
      "properties": {
        "building_id": "tile8_image_part_001_bldg_0008",
        "source_image": "tile8_image_part_001.jpg",
        "area_pixels": 1679.0,
        "perimeter_pixels": 203.11,
        "mean_confidence": 0.567,
        "spatial_reference_note": "Geographic coordinates unavailable because input imagery is not georeferenced."
      }
    },
    {
      "type": "Feature",
      "geometry": {
        "type": "Polygon",
        "coordinates": [
          [
            [
              77.0,
              498.0
            ],
            [
              64.0,
              499.0
            ],
            [
              42.0,
              514.0
            ],
            [
              30.0,
              527.0
            ],
            [
              22.0,
              526.0
            ],
            [
              16.0,
              529.0
            ],
            [
              16.0,
              536.0
            ],
            [
              9.0,
              545.0
            ],
            [
              14.0,
              554.0
            ],
            [
              7.0,
              560.0
            ],
            [
              6.0,
              584.0
            ],
            [
              8.0,
              610.0
            ],
            [
              12.0,
              621.0
            ],
            [
              19.0,
              627.0
            ],
            [
              51.0,
              614.0
            ],
            [
              69.0,
              613.0
            ],
            [
              82.0,
              602.0
            ],
            [
              84.0,
              584.0
            ],
            [
              71.0,
              564.0
            ],
            [
              75.0,
              556.0
            ],
            [
              85.0,
              550.0
            ],
            [
              90.0,
              531.0
            ],
            [
              82.0,
              512.0
            ],
            [
              83.0,
              502.0
            ],
            [
              77.0,
              498.0
            ]
          ]
        ]
      },
      "properties": {
        "building_id": "tile8_image_part_001_bldg_0009",
        "source_image": "tile8_image_part_001.jpg",
        "area_pixels": 7598.5,
        "perimeter_pixels": 370.76,
        "mean_confidence": 0.6847,
        "spatial_reference_note": "Geographic coordinates unavailable because input imagery is not georeferenced."
      }
    },
    {
      "type": "Feature",
      "geometry": {
        "type": "Polygon",
        "coordinates": [
          [
            [
              739.0,
              539.0
            ],
            [
              738.0,
              540.0
            ],
            [
              739.0,
              549.0
            ],
            [
              735.0,
              552.0
            ],
            [
              730.0,
              553.0
            ],
            [
              727.0,
              561.0
            ],
            [
              727.0,
              566.0
            ],
            [
              733.0,
              571.0
            ],
            [
              734.0,
              579.0
            ],
            [
              736.0,
              583.0
            ],
            [
              740.0,
              586.0
            ],
            [
              741.0,
              592.0
            ],
            [
              746.0,
              596.0
            ],
            [
              759.0,
              598.0
            ],
            [
              764.0,
              594.0
            ],
            [
              784.0,
              590.0
            ],
            [
              784.0,
              587.0
            ],
            [
              778.0,
              579.0
            ],
            [
              777.0,
              570.0
            ],
            [
              770.0,
              563.0
            ],
            [
              763.0,
              559.0
            ],
            [
              764.0,
              552.0
            ],
            [
              757.0,
              545.0
            ],
            [
              747.0,
              540.0
            ],
            [
              739.0,
              539.0
            ]
          ]
        ]
      },
      "properties": {
        "building_id": "tile8_image_part_001_bldg_0010",
        "source_image": "tile8_image_part_001.jpg",
        "area_pixels": 2005.5,
        "perimeter_pixels": 188.13,
        "mean_confidence": 0.5623,
        "spatial_reference_note": "Geographic coordinates unavailable because input imagery is not georeferenced."
      }
    },
    {
      "type": "Feature",
      "geometry": {
        "type": "Polygon",
        "coordinates": [
          [
            [
              795.0,
              590.0
            ],
            [
              795.0,
              594.0
            ],
            [
              797.0,
              597.0
            ],
            [
              802.0,
              602.0
            ],
            [
              802.0,
              603.0
            ],
            [
              808.0,
              608.0
            ],
            [
              817.0,
              608.0
            ],
            [
              818.0,
              609.0
            ],
            [
              820.0,
              609.0
            ],
            [
              824.0,
              607.0
            ],
            [
              828.0,
              607.0
            ],
            [
              833.0,
              604.0
            ],
            [
              836.0,
              604.0
            ],
            [
              838.0,
              601.0
            ],
            [
              838.0,
              596.0
            ],
            [
              837.0,
              596.0
            ],
            [
              833.0,
              591.0
            ],
            [
              825.0,
              589.0
            ],
            [
              819.0,
              584.0
            ],
            [
              814.0,
              584.0
            ],
            [
              810.0,
              582.0
            ],
            [
              801.0,
              582.0
            ],
            [
              799.0,
              583.0
            ],
            [
              795.0,
              590.0
            ]
          ]
        ]
      },
      "properties": {
        "building_id": "tile8_image_part_001_bldg_0011",
        "source_image": "tile8_image_part_001.jpg",
        "area_pixels": 814.5,
        "perimeter_pixels": 114.04,
        "mean_confidence": 0.5386,
        "spatial_reference_note": "Geographic coordinates unavailable because input imagery is not georeferenced."
      }
    },
    {
      "type": "Feature",
      "geometry": {
        "type": "Polygon",
        "coordinates": [
          [
            [
              805.0,
              698.0
            ],
            [
              805.0,
              706.0
            ],
            [
              814.0,
              714.0
            ],
            [
              818.0,
              715.0
            ],
            [
              819.0,
              716.0
            ],
            [
              821.0,
              716.0
            ],
            [
              822.0,
              715.0
            ],
            [
              828.0,
              715.0
            ],
            [
              829.0,
              716.0
            ],
            [
              832.0,
              716.0
            ],
            [
              833.0,
              715.0
            ],
            [
              839.0,
              715.0
            ],
            [
              843.0,
              713.0
            ],
            [
              844.0,
              709.0
            ],
            [
              845.0,
              708.0
            ],
            [
              845.0,
              706.0
            ],
            [
              842.0,
              703.0
            ],
            [
              836.0,
              702.0
            ],
            [
              831.0,
              698.0
            ],
            [
              829.0,
              698.0
            ],
            [
              826.0,
              696.0
            ],
            [
              816.0,
              696.0
            ],
            [
              815.0,
              697.0
            ],
            [
              807.0,
              697.0
            ],
            [
              805.0,
              698.0
            ]
          ]
        ]
      },
      "properties": {
        "building_id": "tile8_image_part_001_bldg_0012",
        "source_image": "tile8_image_part_001.jpg",
        "area_pixels": 602.5,
        "perimeter_pixels": 102.82,
        "mean_confidence": 0.5651,
        "spatial_reference_note": "Geographic coordinates unavailable because input imagery is not georeferenced."
      }
    },
    {
      "type": "Feature",
      "geometry": {
        "type": "Polygon",
        "coordinates": [
          [
            [
              673.0,
              714.0
            ],
            [
              673.0,
              715.0
            ],
            [
              671.0,
              717.0
            ],
            [
              671.0,
              721.0
            ],
            [
              677.0,
              727.0
            ],
            [
              677.0,
              729.0
            ],
            [
              680.0,
              734.0
            ],
            [
              686.0,
              734.0
            ],
            [
              688.0,
              736.0
            ],
            [
              692.0,
              738.0
            ],
            [
              694.0,
              738.0
            ],
            [
              695.0,
              739.0
            ],
            [
              697.0,
              739.0
            ],
            [
              700.0,
              737.0
            ],
            [
              701.0,
              735.0
            ],
            [
              701.0,
              729.0
            ],
            [
              700.0,
              728.0
            ],
            [
              700.0,
              725.0
            ],
            [
              698.0,
              723.0
            ],
            [
              697.0,
              721.0
            ],
            [
              697.0,
              718.0
            ],
            [
              696.0,
              717.0
            ],
            [
              688.0,
              715.0
            ],
            [
              685.0,
              712.0
            ],
            [
              685.0,
              711.0
            ],
            [
              683.0,
              710.0
            ],
            [
              678.0,
              710.0
            ],
            [
              674.0,
              714.0
            ],
            [
              673.0,
              714.0
            ]
          ]
        ]
      },
      "properties": {
        "building_id": "tile8_image_part_001_bldg_0013",
        "source_image": "tile8_image_part_001.jpg",
        "area_pixels": 553.5,
        "perimeter_pixels": 95.98,
        "mean_confidence": 0.5712,
        "spatial_reference_note": "Geographic coordinates unavailable because input imagery is not georeferenced."
      }
    },
    {
      "type": "Feature",
      "geometry": {
        "type": "Polygon",
        "coordinates": [
          [
            [
              103.0,
              751.0
            ],
            [
              95.0,
              759.0
            ],
            [
              95.0,
              764.0
            ],
            [
              96.0,
              765.0
            ],
            [
              96.0,
              767.0
            ],
            [
              98.0,
              769.0
            ],
            [
              100.0,
              769.0
            ],
            [
              105.0,
              772.0
            ],
            [
              108.0,
              772.0
            ],
            [
              109.0,
              773.0
            ],
            [
              114.0,
              773.0
            ],
            [
              118.0,
              766.0
            ],
            [
              118.0,
              764.0
            ],
            [
              117.0,
              763.0
            ],
            [
              117.0,
              761.0
            ],
            [
              116.0,
              760.0
            ],
            [
              116.0,
              756.0
            ],
            [
              114.0,
              753.0
            ],
            [
              110.0,
              753.0
            ],
            [
              109.0,
              752.0
            ],
            [
              106.0,
              752.0
            ],
            [
              105.0,
              751.0
            ],
            [
              103.0,
              751.0
            ]
          ]
        ]
      },
      "properties": {
        "building_id": "tile8_image_part_001_bldg_0014",
        "source_image": "tile8_image_part_001.jpg",
        "area_pixels": 375.5,
        "perimeter_pixels": 74.13,
        "mean_confidence": 0.5412,
        "spatial_reference_note": "Geographic coordinates unavailable because input imagery is not georeferenced."
      }
    },
    {
      "type": "Feature",
      "geometry": {
        "type": "Polygon",
        "coordinates": [
          [
            [
              1038.0,
              776.0
            ],
            [
              1038.0,
              781.0
            ],
            [
              1040.0,
              785.0
            ],
            [
              1048.0,
              792.0
            ],
            [
              1055.0,
              793.0
            ],
            [
              1056.0,
              794.0
            ],
            [
              1074.0,
              794.0
            ],
            [
              1075.0,
              793.0
            ],
            [
              1077.0,
              793.0
            ],
            [
              1078.0,
              791.0
            ],
            [
              1078.0,
              783.0
            ],
            [
              1077.0,
              782.0
            ],
            [
              1077.0,
              779.0
            ],
            [
              1071.0,
              773.0
            ],
            [
              1071.0,
              772.0
            ],
            [
              1070.0,
              772.0
            ],
            [
              1066.0,
              768.0
            ],
            [
              1065.0,
              766.0
            ],
            [
              1061.0,
              764.0
            ],
            [
              1049.0,
              765.0
            ],
            [
              1047.0,
              766.0
            ],
            [
              1038.0,
              776.0
            ]
          ]
        ]
      },
      "properties": {
        "building_id": "tile8_image_part_001_bldg_0015",
        "source_image": "tile8_image_part_001.jpg",
        "area_pixels": 917.0,
        "perimeter_pixels": 115.23,
        "mean_confidence": 0.6069,
        "spatial_reference_note": "Geographic coordinates unavailable because input imagery is not georeferenced."
      }
    },
    {
      "type": "Feature",
      "geometry": {
        "type": "Polygon",
        "coordinates": [
          [
            [
              475.0,
              1465.0
            ],
            [
              1078.0,
              1474.0
            ],
            [
              1232.0,
              1355.0
            ],
            [
              1338.0,
              1439.0
            ],
            [
              1253.0,
              1473.0
            ],
            [
              1659.0,
              1472.0
            ],
            [
              1559.0,
              1426.0
            ],
            [
              1385.0,
              1416.0
            ],
            [
              1362.0,
              1349.0
            ],
            [
              1256.0,
              1249.0
            ],
            [
              1204.0,
              1266.0
            ],
            [
              1226.0,
              1192.0
            ],
            [
              1194.0,
              1118.0
            ],
            [
              1133.0,
              1109.0
            ],
            [
              1106.0,
              1148.0
            ],
            [
              1058.0,
              1076.0
            ],
            [
              1010.0,
              1082.0
            ],
            [
              1073.0,
              982.0
            ],
            [
              984.0,
              1032.0
            ],
            [
              977.0,
              987.0
            ],
            [
              926.0,
              995.0
            ],
            [
              1037.0,
              929.0
            ],
            [
              931.0,
              906.0
            ],
            [
              719.0,
              1159.0
            ],
            [
              683.0,
              1261.0
            ],
            [
              564.0,
              1408.0
            ],
            [
              478.0,
              1421.0
            ],
            [
              475.0,
              1465.0
            ]
          ]
        ]
      },
      "properties": {
        "building_id": "tile8_image_part_001_bldg_0016",
        "source_image": "tile8_image_part_001.jpg",
        "area_pixels": 265661.0,
        "perimeter_pixels": 3701.44,
        "mean_confidence": 0.826,
        "spatial_reference_note": "Geographic coordinates unavailable because input imagery is not georeferenced."
      }
    },
    {
      "type": "Feature",
      "geometry": {
        "type": "Polygon",
        "coordinates": [
          [
            [
              2122.0,
              954.0
            ],
            [
              2120.0,
              956.0
            ],
            [
              2120.0,
              961.0
            ],
            [
              2121.0,
              962.0
            ],
            [
              2121.0,
              963.0
            ],
            [
              2122.0,
              964.0
            ],
            [
              2122.0,
              965.0
            ],
            [
              2124.0,
              967.0
            ],
            [
              2129.0,
              967.0
            ],
            [
              2130.0,
              966.0
            ],
            [
              2131.0,
              966.0
            ],
            [
              2133.0,
              964.0
            ],
            [
              2133.0,
              960.0
            ],
            [
              2131.0,
              958.0
            ],
            [
              2131.0,
              957.0
            ],
            [
              2130.0,
              957.0
            ],
            [
              2129.0,
              956.0
            ],
            [
              2127.0,
              956.0
            ],
            [
              2125.0,
              954.0
            ],
            [
              2122.0,
              954.0
            ]
          ]
        ]
      },
      "properties": {
        "building_id": "tile8_image_part_001_bldg_0017",
        "source_image": "tile8_image_part_001.jpg",
        "area_pixels": 129.0,
        "perimeter_pixels": 43.8,
        "mean_confidence": 0.5288,
        "spatial_reference_note": "Geographic coordinates unavailable because input imagery is not georeferenced."
      }
    },
    {
      "type": "Feature",
      "geometry": {
        "type": "Polygon",
        "coordinates": [
          [
            [
              1111.0,
              1035.0
            ],
            [
              1110.0,
              1042.0
            ],
            [
              1114.0,
              1044.0
            ],
            [
              1133.0,
              1037.0
            ],
            [
              1151.0,
              1036.0
            ],
            [
              1155.0,
              1041.0
            ],
            [
              1152.0,
              1063.0
            ],
            [
              1143.0,
              1071.0
            ],
            [
              1131.0,
              1068.0
            ],
            [
              1126.0,
              1072.0
            ],
            [
              1127.0,
              1087.0
            ],
            [
              1133.0,
              1091.0
            ],
            [
              1140.0,
              1092.0
            ],
            [
              1146.0,
              1086.0
            ],
            [
              1145.0,
              1074.0
            ],
            [
              1150.0,
              1074.0
            ],
            [
              1155.0,
              1080.0
            ],
            [
              1162.0,
              1079.0
            ],
            [
              1167.0,
              1089.0
            ],
            [
              1176.0,
              1088.0
            ],
            [
              1183.0,
              1082.0
            ],
            [
              1183.0,
              1067.0
            ],
            [
              1175.0,
              1050.0
            ],
            [
              1164.0,
              1042.0
            ],
            [
              1157.0,
              1029.0
            ],
            [
              1149.0,
              1024.0
            ],
            [
              1145.0,
              1016.0
            ],
            [
              1136.0,
              1018.0
            ],
            [
              1133.0,
              1023.0
            ],
            [
              1122.0,
              1024.0
            ],
            [
              1111.0,
              1035.0
            ]
          ]
        ]
      },
      "properties": {
        "building_id": "tile8_image_part_001_bldg_0018",
        "source_image": "tile8_image_part_001.jpg",
        "area_pixels": 2290.0,
        "perimeter_pixels": 330.6,
        "mean_confidence": 0.5419,
        "spatial_reference_note": "Geographic coordinates unavailable because input imagery is not georeferenced."
      }
    },
    {
      "type": "Feature",
      "geometry": {
        "type": "Polygon",
        "coordinates": [
          [
            [
              264.0,
              1045.0
            ],
            [
              260.0,
              1051.0
            ],
            [
              262.0,
              1061.0
            ],
            [
              282.0,
              1097.0
            ],
            [
              299.0,
              1111.0
            ],
            [
              308.0,
              1113.0
            ],
            [
              324.0,
              1111.0
            ],
            [
              326.0,
              1105.0
            ],
            [
              331.0,
              1100.0
            ],
            [
              332.0,
              1087.0
            ],
            [
              307.0,
              1049.0
            ],
            [
              301.0,
              1045.0
            ],
            [
              282.0,
              1039.0
            ],
            [
              276.0,
              1039.0
            ],
            [
              264.0,
              1045.0
            ]
          ]
        ]
      },
      "properties": {
        "building_id": "tile8_image_part_001_bldg_0019",
        "source_image": "tile8_image_part_001.jpg",
        "area_pixels": 3372.0,
        "perimeter_pixels": 224.43,
        "mean_confidence": 0.7256,
        "spatial_reference_note": "Geographic coordinates unavailable because input imagery is not georeferenced."
      }
    },
    {
      "type": "Feature",
      "geometry": {
        "type": "Polygon",
        "coordinates": [
          [
            [
              240.0,
              1396.0
            ],
            [
              237.0,
              1411.0
            ],
            [
              272.0,
              1446.0
            ],
            [
              276.0,
              1456.0
            ],
            [
              289.0,
              1470.0
            ],
            [
              299.0,
              1474.0
            ],
            [
              353.0,
              1473.0
            ],
            [
              363.0,
              1465.0
            ],
            [
              352.0,
              1439.0
            ],
            [
              319.0,
              1425.0
            ],
            [
              309.0,
              1406.0
            ],
            [
              310.0,
              1402.0
            ],
            [
              336.0,
              1407.0
            ],
            [
              354.0,
              1405.0
            ],
            [
              360.0,
              1400.0
            ],
            [
              360.0,
              1386.0
            ],
            [
              350.0,
              1375.0
            ],
            [
              320.0,
              1374.0
            ],
            [
              302.0,
              1394.0
            ],
            [
              289.0,
              1393.0
            ],
            [
              263.0,
              1383.0
            ],
            [
              240.0,
              1396.0
            ]
          ]
        ]
      },
      "properties": {
        "building_id": "tile8_image_part_001_bldg_0020",
        "source_image": "tile8_image_part_001.jpg",
        "area_pixels": 7736.0,
        "perimeter_pixels": 467.43,
        "mean_confidence": 0.7466,
        "spatial_reference_note": "Geographic coordinates unavailable because input imagery is not georeferenced."
      }
    },
    {
      "type": "Feature",
      "geometry": {
        "type": "Polygon",
        "coordinates": [
          [
            [
              316.0,
              17.0
            ],
            [
              318.0,
              22.0
            ],
            [
              321.0,
              25.0
            ],
            [
              332.0,
              30.0
            ],
            [
              344.0,
              31.0
            ],
            [
              358.0,
              21.0
            ],
            [
              373.0,
              13.0
            ],
            [
              373.0,
              9.0
            ],
            [
              370.0,
              7.0
            ],
            [
              360.0,
              4.0
            ],
            [
              356.0,
              2.0
            ],
            [
              355.0,
              0.0
            ],
            [
              336.0,
              0.0
            ],
            [
              333.0,
              3.0
            ],
            [
              329.0,
              3.0
            ],
            [
              321.0,
              6.0
            ],
            [
              317.0,
              10.0
            ],
            [
              316.0,
              17.0
            ]
          ]
        ]
      },
      "properties": {
        "building_id": "tile8_image_part_002_bldg_0001",
        "source_image": "tile8_image_part_002.jpg",
        "area_pixels": 1207.0,
        "perimeter_pixels": 141.23,
        "mean_confidence": 0.707,
        "spatial_reference_note": "Geographic coordinates unavailable because input imagery is not georeferenced."
      }
    },
    {
      "type": "Feature",
      "geometry": {
        "type": "Polygon",
        "coordinates": [
          [
            [
              416.0,
              82.0
            ],
            [
              454.0,
              117.0
            ],
            [
              528.0,
              127.0
            ],
            [
              532.0,
              73.0
            ],
            [
              509.0,
              32.0
            ],
            [
              551.0,
              36.0
            ],
            [
              675.0,
              144.0
            ],
            [
              1075.0,
              268.0
            ],
            [
              1108.0,
              252.0
            ],
            [
              1154.0,
              181.0
            ],
            [
              1204.0,
              200.0
            ],
            [
              1269.0,
              191.0
            ],
            [
              1299.0,
              98.0
            ],
            [
              1277.0,
              62.0
            ],
            [
              1347.0,
              12.0
            ],
            [
              1008.0,
              0.0
            ],
            [
              963.0,
              33.0
            ],
            [
              871.0,
              0.0
            ],
            [
              519.0,
              0.0
            ],
            [
              440.0,
              35.0
            ],
            [
              416.0,
              82.0
            ]
          ]
        ]
      },
      "properties": {
        "building_id": "tile8_image_part_002_bldg_0002",
        "source_image": "tile8_image_part_002.jpg",
        "area_pixels": 145845.0,
        "perimeter_pixels": 2303.15,
        "mean_confidence": 0.8632,
        "spatial_reference_note": "Geographic coordinates unavailable because input imagery is not georeferenced."
      }
    },
    {
      "type": "Feature",
      "geometry": {
        "type": "Polygon",
        "coordinates": [
          [
            [
              1135.0,
              267.0
            ],
            [
              1297.0,
              300.0
            ],
            [
              1509.0,
              227.0
            ],
            [
              1506.0,
              359.0
            ],
            [
              1732.0,
              486.0
            ],
            [
              2022.0,
              569.0
            ],
            [
              2140.0,
              493.0
            ],
            [
              2140.0,
              296.0
            ],
            [
              2051.0,
              290.0
            ],
            [
              1998.0,
              336.0
            ],
            [
              2093.0,
              346.0
            ],
            [
              2037.0,
              447.0
            ],
            [
              2080.0,
              516.0
            ],
            [
              1738.0,
              384.0
            ],
            [
              1981.0,
              416.0
            ],
            [
              1950.0,
              358.0
            ],
            [
              1660.0,
              259.0
            ],
            [
              1659.0,
              325.0
            ],
            [
              1563.0,
              299.0
            ],
            [
              1630.0,
              209.0
            ],
            [
              1911.0,
              314.0
            ],
            [
              1991.0,
              278.0
            ],
            [
              1604.0,
              111.0
            ],
            [
              1518.0,
              200.0
            ],
            [
              1512.0,
              98.0
            ],
            [
              1564.0,
              28.0
            ],
            [
              1529.0,
              3.0
            ],
            [
              1425.0,
              119.0
            ],
            [
              1451.0,
              7.0
            ],
            [
              1360.0,
              19.0
            ],
            [
              1315.0,
              150.0
            ],
            [
              1388.0,
              234.0
            ],
            [
              1165.0,
              216.0
            ],
            [
              1135.0,
              267.0
            ]
          ]
        ]
      },
      "properties": {
        "building_id": "tile8_image_part_002_bldg_0003",
        "source_image": "tile8_image_part_002.jpg",
        "area_pixels": 186130.5,
        "perimeter_pixels": 5193.67,
        "mean_confidence": 0.8589,
        "spatial_reference_note": "Geographic coordinates unavailable because input imagery is not georeferenced."
      }
    },
    {
      "type": "Feature",
      "geometry": {
        "type": "Polygon",
        "coordinates": [
          [
            [
              1601.0,
              74.0
            ],
            [
              1680.0,
              121.0
            ],
            [
              1912.0,
              200.0
            ],
            [
              1940.0,
              190.0
            ],
            [
              1972.0,
              142.0
            ],
            [
              1966.0,
              117.0
            ],
            [
              2001.0,
              88.0
            ],
            [
              2025.0,
              9.0
            ],
            [
              1985.0,
              0.0
            ],
            [
              1856.0,
              0.0
            ],
            [
              1773.0,
              13.0
            ],
            [
              1834.0,
              61.0
            ],
            [
              1819.0,
              75.0
            ],
            [
              1777.0,
              71.0
            ],
            [
              1720.0,
              46.0
            ],
            [
              1709.0,
              34.0
            ],
            [
              1713.0,
              10.0
            ],
            [
              1699.0,
              0.0
            ],
            [
              1628.0,
              0.0
            ],
            [
              1611.0,
              15.0
            ],
            [
              1601.0,
              74.0
            ]
          ]
        ]
      },
      "properties": {
        "building_id": "tile8_image_part_002_bldg_0004",
        "source_image": "tile8_image_part_002.jpg",
        "area_pixels": 52807.5,
        "perimeter_pixels": 1246.06,
        "mean_confidence": 0.8943,
        "spatial_reference_note": "Geographic coordinates unavailable because input imagery is not georeferenced."
      }
    },
    {
      "type": "Feature",
      "geometry": {
        "type": "Polygon",
        "coordinates": [
          [
            [
              1495.0,
              432.0
            ],
            [
              1495.0,
              437.0
            ],
            [
              1501.0,
              444.0
            ],
            [
              1502.0,
              454.0
            ],
            [
              1510.0,
              459.0
            ],
            [
              1517.0,
              460.0
            ],
            [
              1528.0,
              465.0
            ],
            [
              1550.0,
              466.0
            ],
            [
              1575.0,
              463.0
            ],
            [
              1585.0,
              456.0
            ],
            [
              1587.0,
              450.0
            ],
            [
              1587.0,
              444.0
            ],
            [
              1580.0,
              432.0
            ],
            [
              1559.0,
              415.0
            ],
            [
              1541.0,
              409.0
            ],
            [
              1525.0,
              409.0
            ],
            [
              1515.0,
              412.0
            ],
            [
              1501.0,
              420.0
            ],
            [
              1495.0,
              432.0
            ]
          ]
        ]
      },
      "properties": {
        "building_id": "tile8_image_part_002_bldg_0005",
        "source_image": "tile8_image_part_002.jpg",
        "area_pixels": 3998.0,
        "perimeter_pixels": 240.46,
        "mean_confidence": 0.7656,
        "spatial_reference_note": "Geographic coordinates unavailable because input imagery is not georeferenced."
      }
    },
    {
      "type": "Feature",
      "geometry": {
        "type": "Polygon",
        "coordinates": [
          [
            [
              329.0,
              724.0
            ],
            [
              306.0,
              714.0
            ],
            [
              276.0,
              718.0
            ],
            [
              238.0,
              704.0
            ],
            [
              193.0,
              724.0
            ],
            [
              173.0,
              757.0
            ],
            [
              175.0,
              773.0
            ],
            [
              210.0,
              778.0
            ],
            [
              220.0,
              793.0
            ],
            [
              256.0,
              802.0
            ],
            [
              257.0,
              810.0
            ],
            [
              234.0,
              834.0
            ],
            [
              229.0,
              860.0
            ],
            [
              214.0,
              867.0
            ],
            [
              211.0,
              887.0
            ],
            [
              185.0,
              854.0
            ],
            [
              136.0,
              854.0
            ],
            [
              120.0,
              861.0
            ],
            [
              117.0,
              872.0
            ],
            [
              140.0,
              887.0
            ],
            [
              193.0,
              886.0
            ],
            [
              198.0,
              893.0
            ],
            [
              215.0,
              889.0
            ],
            [
              240.0,
              904.0
            ],
            [
              270.0,
              903.0
            ],
            [
              309.0,
              840.0
            ],
            [
              305.0,
              817.0
            ],
            [
              267.0,
              797.0
            ],
            [
              297.0,
              758.0
            ],
            [
              327.0,
              737.0
            ],
            [
              329.0,
              724.0
            ]
          ]
        ]
      },
      "properties": {
        "building_id": "tile8_image_part_002_bldg_0006",
        "source_image": "tile8_image_part_002.jpg",
        "area_pixels": 18090.0,
        "perimeter_pixels": 919.79,
        "mean_confidence": 0.7152,
        "spatial_reference_note": "Geographic coordinates unavailable because input imagery is not georeferenced."
      }
    },
    {
      "type": "Feature",
      "geometry": {
        "type": "Polygon",
        "coordinates": [
          [
            [
              395.0,
              714.0
            ],
            [
              393.0,
              725.0
            ],
            [
              406.0,
              735.0
            ],
            [
              433.0,
              748.0
            ],
            [
              449.0,
              752.0
            ],
            [
              454.0,
              756.0
            ],
            [
              473.0,
              756.0
            ],
            [
              476.0,
              754.0
            ],
            [
              496.0,
              756.0
            ],
            [
              501.0,
              750.0
            ],
            [
              501.0,
              747.0
            ],
            [
              489.0,
              734.0
            ],
            [
              478.0,
              730.0
            ],
            [
              470.0,
              724.0
            ],
            [
              456.0,
              721.0
            ],
            [
              420.0,
              704.0
            ],
            [
              405.0,
              704.0
            ],
            [
              400.0,
              706.0
            ],
            [
              395.0,
              714.0
            ]
          ]
        ]
      },
      "properties": {
        "building_id": "tile8_image_part_002_bldg_0007",
        "source_image": "tile8_image_part_002.jpg",
        "area_pixels": 3181.5,
        "perimeter_pixels": 257.3,
        "mean_confidence": 0.6642,
        "spatial_reference_note": "Geographic coordinates unavailable because input imagery is not georeferenced."
      }
    },
    {
      "type": "Feature",
      "geometry": {
        "type": "Polygon",
        "coordinates": [
          [
            [
              0.0,
              716.0
            ],
            [
              0.0,
              793.0
            ],
            [
              5.0,
              798.0
            ],
            [
              5.0,
              816.0
            ],
            [
              11.0,
              828.0
            ],
            [
              18.0,
              833.0
            ],
            [
              60.0,
              834.0
            ],
            [
              91.0,
              828.0
            ],
            [
              100.0,
              822.0
            ],
            [
              97.0,
              791.0
            ],
            [
              104.0,
              783.0
            ],
            [
              101.0,
              764.0
            ],
            [
              92.0,
              755.0
            ],
            [
              60.0,
              740.0
            ],
            [
              51.0,
              742.0
            ],
            [
              42.0,
              738.0
            ],
            [
              36.0,
              722.0
            ],
            [
              20.0,
              712.0
            ],
            [
              14.0,
              712.0
            ],
            [
              8.0,
              717.0
            ],
            [
              0.0,
              716.0
            ]
          ]
        ]
      },
      "properties": {
        "building_id": "tile8_image_part_002_bldg_0008",
        "source_image": "tile8_image_part_002.jpg",
        "area_pixels": 9457.5,
        "perimeter_pixels": 394.47,
        "mean_confidence": 0.782,
        "spatial_reference_note": "Geographic coordinates unavailable because input imagery is not georeferenced."
      }
    },
    {
      "type": "Feature",
      "geometry": {
        "type": "Polygon",
        "coordinates": [
          [
            [
              619.0,
              775.0
            ],
            [
              612.0,
              770.0
            ],
            [
              605.0,
              770.0
            ],
            [
              598.0,
              767.0
            ],
            [
              583.0,
              767.0
            ],
            [
              568.0,
              769.0
            ],
            [
              561.0,
              777.0
            ],
            [
              560.0,
              784.0
            ],
            [
              558.0,
              786.0
            ],
            [
              551.0,
              788.0
            ],
            [
              549.0,
              796.0
            ],
            [
              550.0,
              799.0
            ],
            [
              556.0,
              803.0
            ],
            [
              559.0,
              802.0
            ],
            [
              571.0,
              803.0
            ],
            [
              578.0,
              800.0
            ],
            [
              586.0,
              799.0
            ],
            [
              598.0,
              794.0
            ],
            [
              605.0,
              789.0
            ],
            [
              610.0,
              788.0
            ],
            [
              612.0,
              786.0
            ],
            [
              612.0,
              783.0
            ],
            [
              619.0,
              777.0
            ],
            [
              619.0,
              775.0
            ]
          ]
        ]
      },
      "properties": {
        "building_id": "tile8_image_part_002_bldg_0009",
        "source_image": "tile8_image_part_002.jpg",
        "area_pixels": 1666.0,
        "perimeter_pixels": 174.41,
        "mean_confidence": 0.6218,
        "spatial_reference_note": "Geographic coordinates unavailable because input imagery is not georeferenced."
      }
    },
    {
      "type": "Feature",
      "geometry": {
        "type": "Polygon",
        "coordinates": [
          [
            [
              467.0,
              791.0
            ],
            [
              455.0,
              782.0
            ],
            [
              452.0,
              782.0
            ],
            [
              444.0,
              786.0
            ],
            [
              440.0,
              787.0
            ],
            [
              436.0,
              791.0
            ],
            [
              435.0,
              791.0
            ],
            [
              435.0,
              792.0
            ],
            [
              429.0,
              798.0
            ],
            [
              430.0,
              810.0
            ],
            [
              435.0,
              814.0
            ],
            [
              443.0,
              817.0
            ],
            [
              446.0,
              817.0
            ],
            [
              452.0,
              814.0
            ],
            [
              454.0,
              814.0
            ],
            [
              460.0,
              810.0
            ],
            [
              465.0,
              805.0
            ],
            [
              469.0,
              797.0
            ],
            [
              469.0,
              794.0
            ],
            [
              467.0,
              791.0
            ]
          ]
        ]
      },
      "properties": {
        "building_id": "tile8_image_part_002_bldg_0010",
        "source_image": "tile8_image_part_002.jpg",
        "area_pixels": 969.5,
        "perimeter_pixels": 115.74,
        "mean_confidence": 0.6178,
        "spatial_reference_note": "Geographic coordinates unavailable because input imagery is not georeferenced."
      }
    },
    {
      "type": "Feature",
      "geometry": {
        "type": "Polygon",
        "coordinates": [
          [
            [
              157.0,
              808.0
            ],
            [
              161.0,
              824.0
            ],
            [
              164.0,
              827.0
            ],
            [
              170.0,
              828.0
            ],
            [
              171.0,
              829.0
            ],
            [
              190.0,
              828.0
            ],
            [
              193.0,
              827.0
            ],
            [
              198.0,
              823.0
            ],
            [
              201.0,
              816.0
            ],
            [
              201.0,
              808.0
            ],
            [
              199.0,
              804.0
            ],
            [
              196.0,
              802.0
            ],
            [
              192.0,
              802.0
            ],
            [
              188.0,
              800.0
            ],
            [
              175.0,
              800.0
            ],
            [
              169.0,
              797.0
            ],
            [
              165.0,
              797.0
            ],
            [
              161.0,
              800.0
            ],
            [
              157.0,
              808.0
            ]
          ]
        ]
      },
      "properties": {
        "building_id": "tile8_image_part_002_bldg_0011",
        "source_image": "tile8_image_part_002.jpg",
        "area_pixels": 1119.5,
        "perimeter_pixels": 126.64,
        "mean_confidence": 0.5935,
        "spatial_reference_note": "Geographic coordinates unavailable because input imagery is not georeferenced."
      }
    },
    {
      "type": "Feature",
      "geometry": {
        "type": "Polygon",
        "coordinates": [
          [
            [
              14.0,
              26.0
            ],
            [
              20.0,
              40.0
            ],
            [
              88.0,
              65.0
            ],
            [
              214.0,
              135.0
            ],
            [
              245.0,
              138.0
            ],
            [
              286.0,
              123.0
            ],
            [
              353.0,
              126.0
            ],
            [
              407.0,
              80.0
            ],
            [
              406.0,
              37.0
            ],
            [
              432.0,
              8.0
            ],
            [
              398.0,
              0.0
            ],
            [
              247.0,
              0.0
            ],
            [
              223.0,
              9.0
            ],
            [
              222.0,
              21.0
            ],
            [
              276.0,
              55.0
            ],
            [
              303.0,
              56.0
            ],
            [
              309.0,
              64.0
            ],
            [
              295.0,
              76.0
            ],
            [
              175.0,
              28.0
            ],
            [
              151.0,
              0.0
            ],
            [
              39.0,
              0.0
            ],
            [
              14.0,
              26.0
            ]
          ]
        ]
      },
      "properties": {
        "building_id": "tile8_image_part_003_bldg_0001",
        "source_image": "tile8_image_part_003.jpg",
        "area_pixels": 36150.5,
        "perimeter_pixels": 1183.65,
        "mean_confidence": 0.8528,
        "spatial_reference_note": "Geographic coordinates unavailable because input imagery is not georeferenced."
      }
    },
    {
      "type": "Feature",
      "geometry": {
        "type": "Polygon",
        "coordinates": [
          [
            [
              725.0,
              64.0
            ],
            [
              624.0,
              0.0
            ],
            [
              484.0,
              0.0
            ],
            [
              473.0,
              37.0
            ],
            [
              627.0,
              106.0
            ],
            [
              453.0,
              47.0
            ],
            [
              420.0,
              115.0
            ],
            [
              554.0,
              174.0
            ],
            [
              602.0,
              157.0
            ],
            [
              595.0,
              193.0
            ],
            [
              409.0,
              136.0
            ],
            [
              339.0,
              194.0
            ],
            [
              586.0,
              340.0
            ],
            [
              179.0,
              170.0
            ],
            [
              152.0,
              232.0
            ],
            [
              303.0,
              322.0
            ],
            [
              131.0,
              258.0
            ],
            [
              31.0,
              413.0
            ],
            [
              56.0,
              333.0
            ],
            [
              0.0,
              325.0
            ],
            [
              0.0,
              615.0
            ],
            [
              255.0,
              710.0
            ],
            [
              441.0,
              639.0
            ],
            [
              598.0,
              405.0
            ],
            [
              725.0,
              64.0
            ]
          ]
        ]
      },
      "properties": {
        "building_id": "tile8_image_part_003_bldg_0002",
        "source_image": "tile8_image_part_003.jpg",
        "area_pixels": 287691.5,
        "perimeter_pixels": 4132.35,
        "mean_confidence": 0.9103,
        "spatial_reference_note": "Geographic coordinates unavailable because input imagery is not georeferenced."
      }
    },
    {
      "type": "Feature",
      "geometry": {
        "type": "Polygon",
        "coordinates": [
          [
            [
              1294.0,
              127.0
            ],
            [
              1306.0,
              165.0
            ],
            [
              1552.0,
              301.0
            ],
            [
              1610.0,
              313.0
            ],
            [
              1583.0,
              260.0
            ],
            [
              1654.0,
              256.0
            ],
            [
              1627.0,
              305.0
            ],
            [
              1640.0,
              328.0
            ],
            [
              1757.0,
              362.0
            ],
            [
              1861.0,
              306.0
            ],
            [
              2001.0,
              197.0
            ],
            [
              1966.0,
              156.0
            ],
            [
              1955.0,
              73.0
            ],
            [
              1880.0,
              60.0
            ],
            [
              1837.0,
              83.0
            ],
            [
              1737.0,
              49.0
            ],
            [
              1675.0,
              60.0
            ],
            [
              1670.0,
              22.0
            ],
            [
              1631.0,
              5.0
            ],
            [
              1594.0,
              13.0
            ],
            [
              1588.0,
              37.0
            ],
            [
              1618.0,
              70.0
            ],
            [
              1667.0,
              68.0
            ],
            [
              1653.0,
              88.0
            ],
            [
              1579.0,
              79.0
            ],
            [
              1455.0,
              0.0
            ],
            [
              1393.0,
              0.0
            ],
            [
              1355.0,
              23.0
            ],
            [
              1294.0,
              127.0
            ]
          ]
        ]
      },
      "properties": {
        "building_id": "tile8_image_part_003_bldg_0003",
        "source_image": "tile8_image_part_003.jpg",
        "area_pixels": 155423.0,
        "perimeter_pixels": 2151.7,
        "mean_confidence": 0.8759,
        "spatial_reference_note": "Geographic coordinates unavailable because input imagery is not georeferenced."
      }
    },
    {
      "type": "Feature",
      "geometry": {
        "type": "Polygon",
        "coordinates": [
          [
            [
              1748.0,
              9.0
            ],
            [
              1754.0,
              23.0
            ],
            [
              1766.0,
              28.0
            ],
            [
              1819.0,
              37.0
            ],
            [
              1865.0,
              31.0
            ],
            [
              1894.0,
              20.0
            ],
            [
              1921.0,
              16.0
            ],
            [
              1927.0,
              11.0
            ],
            [
              1924.0,
              5.0
            ],
            [
              1913.0,
              2.0
            ],
            [
              1868.0,
              0.0
            ],
            [
              1863.0,
              3.0
            ],
            [
              1789.0,
              0.0
            ],
            [
              1759.0,
              4.0
            ],
            [
              1748.0,
              9.0
            ]
          ]
        ]
      },
      "properties": {
        "building_id": "tile8_image_part_003_bldg_0004",
        "source_image": "tile8_image_part_003.jpg",
        "area_pixels": 4637.5,
        "perimeter_pixels": 379.9,
        "mean_confidence": 0.7235,
        "spatial_reference_note": "Geographic coordinates unavailable because input imagery is not georeferenced."
      }
    },
    {
      "type": "Feature",
      "geometry": {
        "type": "Polygon",
        "coordinates": [
          [
            [
              2142.0,
              10.0
            ],
            [
              2136.0,
              7.0
            ],
            [
              2110.0,
              7.0
            ],
            [
              2084.0,
              13.0
            ],
            [
              2079.0,
              20.0
            ],
            [
              2080.0,
              49.0
            ],
            [
              2068.0,
              54.0
            ],
            [
              2062.0,
              53.0
            ],
            [
              2045.0,
              35.0
            ],
            [
              2035.0,
              31.0
            ],
            [
              2022.0,
              33.0
            ],
            [
              2008.0,
              55.0
            ],
            [
              2010.0,
              71.0
            ],
            [
              2025.0,
              83.0
            ],
            [
              2037.0,
              84.0
            ],
            [
              2078.0,
              71.0
            ],
            [
              2080.0,
              67.0
            ],
            [
              2095.0,
              72.0
            ],
            [
              2140.0,
              68.0
            ],
            [
              2144.0,
              55.0
            ],
            [
              2142.0,
              10.0
            ]
          ]
        ]
      },
      "properties": {
        "building_id": "tile8_image_part_003_bldg_0005",
        "source_image": "tile8_image_part_003.jpg",
        "area_pixels": 6382.0,
        "perimeter_pixels": 405.35,
        "mean_confidence": 0.7522,
        "spatial_reference_note": "Geographic coordinates unavailable because input imagery is not georeferenced."
      }
    },
    {
      "type": "Feature",
      "geometry": {
        "type": "Polygon",
        "coordinates": [
          [
            [
              1269.0,
              229.0
            ],
            [
              1273.0,
              250.0
            ],
            [
              1328.0,
              277.0
            ],
            [
              1366.0,
              289.0
            ],
            [
              1374.0,
              300.0
            ],
            [
              1400.0,
              317.0
            ],
            [
              1420.0,
              347.0
            ],
            [
              1475.0,
              356.0
            ],
            [
              1490.0,
              350.0
            ],
            [
              1505.0,
              352.0
            ],
            [
              1507.0,
              344.0
            ],
            [
              1519.0,
              337.0
            ],
            [
              1513.0,
              317.0
            ],
            [
              1491.0,
              300.0
            ],
            [
              1412.0,
              276.0
            ],
            [
              1370.0,
              239.0
            ],
            [
              1323.0,
              216.0
            ],
            [
              1297.0,
              210.0
            ],
            [
              1269.0,
              229.0
            ]
          ]
        ]
      },
      "properties": {
        "building_id": "tile8_image_part_003_bldg_0006",
        "source_image": "tile8_image_part_003.jpg",
        "area_pixels": 13203.5,
        "perimeter_pixels": 612.45,
        "mean_confidence": 0.8033,
        "spatial_reference_note": "Geographic coordinates unavailable because input imagery is not georeferenced."
      }
    },
    {
      "type": "Feature",
      "geometry": {
        "type": "Polygon",
        "coordinates": [
          [
            [
              2019.0,
              251.0
            ],
            [
              2016.0,
              254.0
            ],
            [
              2016.0,
              262.0
            ],
            [
              2010.0,
              267.0
            ],
            [
              2007.0,
              274.0
            ],
            [
              2008.0,
              284.0
            ],
            [
              2003.0,
              297.0
            ],
            [
              2003.0,
              300.0
            ],
            [
              2007.0,
              304.0
            ],
            [
              2014.0,
              307.0
            ],
            [
              2032.0,
              307.0
            ],
            [
              2039.0,
              304.0
            ],
            [
              2051.0,
              292.0
            ],
            [
              2052.0,
              285.0
            ],
            [
              2050.0,
              279.0
            ],
            [
              2046.0,
              275.0
            ],
            [
              2043.0,
              268.0
            ],
            [
              2039.0,
              264.0
            ],
            [
              2035.0,
              256.0
            ],
            [
              2028.0,
              251.0
            ],
            [
              2019.0,
              251.0
            ]
          ]
        ]
      },
      "properties": {
        "building_id": "tile8_image_part_003_bldg_0007",
        "source_image": "tile8_image_part_003.jpg",
        "area_pixels": 1922.0,
        "perimeter_pixels": 169.38,
        "mean_confidence": 0.6036,
        "spatial_reference_note": "Geographic coordinates unavailable because input imagery is not georeferenced."
      }
    },
    {
      "type": "Feature",
      "geometry": {
        "type": "Polygon",
        "coordinates": [
          [
            [
              1133.0,
              470.0
            ],
            [
              1133.0,
              475.0
            ],
            [
              1136.0,
              475.0
            ],
            [
              1137.0,
              476.0
            ],
            [
              1139.0,
              476.0
            ],
            [
              1142.0,
              479.0
            ],
            [
              1142.0,
              480.0
            ],
            [
              1143.0,
              481.0
            ],
            [
              1143.0,
              484.0
            ],
            [
              1144.0,
              485.0
            ],
            [
              1146.0,
              485.0
            ],
            [
              1147.0,
              486.0
            ],
            [
              1150.0,
              486.0
            ],
            [
              1154.0,
              483.0
            ],
            [
              1157.0,
              483.0
            ],
            [
              1158.0,
              482.0
            ],
            [
              1160.0,
              482.0
            ],
            [
              1160.0,
              481.0
            ],
            [
              1161.0,
              480.0
            ],
            [
              1161.0,
              473.0
            ],
            [
              1159.0,
              471.0
            ],
            [
              1158.0,
              471.0
            ],
            [
              1156.0,
              469.0
            ],
            [
              1155.0,
              469.0
            ],
            [
              1151.0,
              466.0
            ],
            [
              1148.0,
              466.0
            ],
            [
              1145.0,
              464.0
            ],
            [
              1141.0,
              464.0
            ],
            [
              1140.0,
              465.0
            ],
            [
              1138.0,
              465.0
            ],
            [
              1137.0,
              466.0
            ],
            [
              1136.0,
              466.0
            ],
            [
              1133.0,
              470.0
            ]
          ]
        ]
      },
      "properties": {
        "building_id": "tile8_image_part_003_bldg_0008",
        "source_image": "tile8_image_part_003.jpg",
        "area_pixels": 404.5,
        "perimeter_pixels": 83.82,
        "mean_confidence": 0.5259,
        "spatial_reference_note": "Geographic coordinates unavailable because input imagery is not georeferenced."
      }
    },
    {
      "type": "Feature",
      "geometry": {
        "type": "Polygon",
        "coordinates": [
          [
            [
              1115.0,
              538.0
            ],
            [
              1110.0,
              553.0
            ],
            [
              1116.0,
              564.0
            ],
            [
              1133.0,
              570.0
            ],
            [
              1146.0,
              570.0
            ],
            [
              1159.0,
              577.0
            ],
            [
              1164.0,
              583.0
            ],
            [
              1164.0,
              591.0
            ],
            [
              1166.0,
              593.0
            ],
            [
              1173.0,
              594.0
            ],
            [
              1179.0,
              591.0
            ],
            [
              1189.0,
              580.0
            ],
            [
              1191.0,
              564.0
            ],
            [
              1188.0,
              560.0
            ],
            [
              1174.0,
              559.0
            ],
            [
              1169.0,
              560.0
            ],
            [
              1167.0,
              566.0
            ],
            [
              1161.0,
              564.0
            ],
            [
              1161.0,
              561.0
            ],
            [
              1167.0,
              558.0
            ],
            [
              1171.0,
              553.0
            ],
            [
              1171.0,
              541.0
            ],
            [
              1166.0,
              537.0
            ],
            [
              1161.0,
              538.0
            ],
            [
              1151.0,
              531.0
            ],
            [
              1133.0,
              528.0
            ],
            [
              1115.0,
              538.0
            ]
          ]
        ]
      },
      "properties": {
        "building_id": "tile8_image_part_003_bldg_0009",
        "source_image": "tile8_image_part_003.jpg",
        "area_pixels": 2814.5,
        "perimeter_pixels": 264.99,
        "mean_confidence": 0.6263,
        "spatial_reference_note": "Geographic coordinates unavailable because input imagery is not georeferenced."
      }
    },
    {
      "type": "Feature",
      "geometry": {
        "type": "Polygon",
        "coordinates": [
          [
            [
              1138.0,
              616.0
            ],
            [
              1137.0,
              617.0
            ],
            [
              1137.0,
              622.0
            ],
            [
              1132.0,
              628.0
            ],
            [
              1133.0,
              632.0
            ],
            [
              1139.0,
              639.0
            ],
            [
              1144.0,
              639.0
            ],
            [
              1147.0,
              641.0
            ],
            [
              1156.0,
              651.0
            ],
            [
              1161.0,
              651.0
            ],
            [
              1164.0,
              643.0
            ],
            [
              1169.0,
              638.0
            ],
            [
              1172.0,
              637.0
            ],
            [
              1172.0,
              629.0
            ],
            [
              1166.0,
              627.0
            ],
            [
              1157.0,
              621.0
            ],
            [
              1151.0,
              614.0
            ],
            [
              1149.0,
              614.0
            ],
            [
              1145.0,
              618.0
            ],
            [
              1138.0,
              616.0
            ]
          ]
        ]
      },
      "properties": {
        "building_id": "tile8_image_part_003_bldg_0010",
        "source_image": "tile8_image_part_003.jpg",
        "area_pixels": 841.5,
        "perimeter_pixels": 122.7,
        "mean_confidence": 0.5582,
        "spatial_reference_note": "Geographic coordinates unavailable because input imagery is not georeferenced."
      }
    },
    {
      "type": "Feature",
      "geometry": {
        "type": "Polygon",
        "coordinates": [
          [
            [
              1965.0,
              799.0
            ],
            [
              1876.0,
              887.0
            ],
            [
              1903.0,
              926.0
            ],
            [
              1871.0,
              960.0
            ],
            [
              1873.0,
              992.0
            ],
            [
              1808.0,
              1013.0
            ],
            [
              1701.0,
              1158.0
            ],
            [
              1742.0,
              1246.0
            ],
            [
              1801.0,
              1270.0
            ],
            [
              1673.0,
              1315.0
            ],
            [
              1651.0,
              1369.0
            ],
            [
              1737.0,
              1399.0
            ],
            [
              1779.0,
              1473.0
            ],
            [
              2110.0,
              1475.0
            ],
            [
              2142.0,
              1457.0
            ],
            [
              2137.0,
              1160.0
            ],
            [
              2119.0,
              1126.0
            ],
            [
              2082.0,
              1171.0
            ],
            [
              2014.0,
              1154.0
            ],
            [
              2033.0,
              1119.0
            ],
            [
              2021.0,
              1090.0
            ],
            [
              2073.0,
              1025.0
            ],
            [
              2032.0,
              1038.0
            ],
            [
              2042.0,
              1060.0
            ],
            [
              1997.0,
              1058.0
            ],
            [
              1916.0,
              1003.0
            ],
            [
              1949.0,
              929.0
            ],
            [
              2067.0,
              919.0
            ],
            [
              2070.0,
              883.0
            ],
            [
              2022.0,
              875.0
            ],
            [
              1965.0,
              799.0
            ]
          ]
        ]
      },
      "properties": {
        "building_id": "tile8_image_part_003_bldg_0011",
        "source_image": "tile8_image_part_003.jpg",
        "area_pixels": 188049.0,
        "perimeter_pixels": 2606.2,
        "mean_confidence": 0.8276,
        "spatial_reference_note": "Geographic coordinates unavailable because input imagery is not georeferenced."
      }
    },
    {
      "type": "Feature",
      "geometry": {
        "type": "Polygon",
        "coordinates": [
          [
            [
              931.0,
              867.0
            ],
            [
              931.0,
              876.0
            ],
            [
              940.0,
              876.0
            ],
            [
              964.0,
              887.0
            ],
            [
              983.0,
              908.0
            ],
            [
              1004.0,
              920.0
            ],
            [
              1039.0,
              926.0
            ],
            [
              1060.0,
              915.0
            ],
            [
              1067.0,
              906.0
            ],
            [
              1068.0,
              885.0
            ],
            [
              1054.0,
              867.0
            ],
            [
              1031.0,
              852.0
            ],
            [
              1004.0,
              847.0
            ],
            [
              992.0,
              841.0
            ],
            [
              972.0,
              825.0
            ],
            [
              960.0,
              829.0
            ],
            [
              949.0,
              838.0
            ],
            [
              931.0,
              867.0
            ]
          ]
        ]
      },
      "properties": {
        "building_id": "tile8_image_part_003_bldg_0012",
        "source_image": "tile8_image_part_003.jpg",
        "area_pixels": 7996.5,
        "perimeter_pixels": 366.29,
        "mean_confidence": 0.7999,
        "spatial_reference_note": "Geographic coordinates unavailable because input imagery is not georeferenced."
      }
    },
    {
      "type": "Feature",
      "geometry": {
        "type": "Polygon",
        "coordinates": [
          [
            [
              1689.0,
              836.0
            ],
            [
              1674.0,
              837.0
            ],
            [
              1665.0,
              853.0
            ],
            [
              1642.0,
              862.0
            ],
            [
              1627.0,
              896.0
            ],
            [
              1597.0,
              912.0
            ],
            [
              1569.0,
              951.0
            ],
            [
              1570.0,
              964.0
            ],
            [
              1593.0,
              978.0
            ],
            [
              1629.0,
              1007.0
            ],
            [
              1666.0,
              1019.0
            ],
            [
              1692.0,
              1011.0
            ],
            [
              1705.0,
              995.0
            ],
            [
              1707.0,
              985.0
            ],
            [
              1727.0,
              963.0
            ],
            [
              1723.0,
              937.0
            ],
            [
              1760.0,
              905.0
            ],
            [
              1760.0,
              883.0
            ],
            [
              1753.0,
              871.0
            ],
            [
              1736.0,
              857.0
            ],
            [
              1689.0,
              836.0
            ]
          ]
        ]
      },
      "properties": {
        "building_id": "tile8_image_part_003_bldg_0013",
        "source_image": "tile8_image_part_003.jpg",
        "area_pixels": 20793.0,
        "perimeter_pixels": 574.72,
        "mean_confidence": 0.8169,
        "spatial_reference_note": "Geographic coordinates unavailable because input imagery is not georeferenced."
      }
    },
    {
      "type": "Feature",
      "geometry": {
        "type": "Polygon",
        "coordinates": [
          [
            [
              1573.0,
              1018.0
            ],
            [
              1573.0,
              1024.0
            ],
            [
              1574.0,
              1025.0
            ],
            [
              1574.0,
              1027.0
            ],
            [
              1573.0,
              1028.0
            ],
            [
              1573.0,
              1036.0
            ],
            [
              1571.0,
              1040.0
            ],
            [
              1571.0,
              1042.0
            ],
            [
              1573.0,
              1044.0
            ],
            [
              1577.0,
              1044.0
            ],
            [
              1579.0,
              1042.0
            ],
            [
              1579.0,
              1040.0
            ],
            [
              1580.0,
              1039.0
            ],
            [
              1587.0,
              1041.0
            ],
            [
              1592.0,
              1046.0
            ],
            [
              1599.0,
              1046.0
            ],
            [
              1603.0,
              1043.0
            ],
            [
              1603.0,
              1040.0
            ],
            [
              1601.0,
              1037.0
            ],
            [
              1601.0,
              1034.0
            ],
            [
              1603.0,
              1032.0
            ],
            [
              1603.0,
              1028.0
            ],
            [
              1602.0,
              1027.0
            ],
            [
              1599.0,
              1027.0
            ],
            [
              1597.0,
              1025.0
            ],
            [
              1592.0,
              1023.0
            ],
            [
              1591.0,
              1021.0
            ],
            [
              1586.0,
              1017.0
            ],
            [
              1575.0,
              1017.0
            ],
            [
              1573.0,
              1018.0
            ]
          ]
        ]
      },
      "properties": {
        "building_id": "tile8_image_part_003_bldg_0014",
        "source_image": "tile8_image_part_003.jpg",
        "area_pixels": 675.5,
        "perimeter_pixels": 115.66,
        "mean_confidence": 0.5269,
        "spatial_reference_note": "Geographic coordinates unavailable because input imagery is not georeferenced."
      }
    },
    {
      "type": "Feature",
      "geometry": {
        "type": "Polygon",
        "coordinates": [
          [
            [
              1558.0,
              1049.0
            ],
            [
              1558.0,
              1058.0
            ],
            [
              1562.0,
              1062.0
            ],
            [
              1564.0,
              1062.0
            ],
            [
              1565.0,
              1061.0
            ],
            [
              1565.0,
              1059.0
            ],
            [
              1566.0,
              1058.0
            ],
            [
              1566.0,
              1055.0
            ],
            [
              1565.0,
              1054.0
            ],
            [
              1565.0,
              1049.0
            ],
            [
              1564.0,
              1048.0
            ],
            [
              1562.0,
              1048.0
            ],
            [
              1561.0,
              1049.0
            ],
            [
              1558.0,
              1049.0
            ]
          ]
        ]
      },
      "properties": {
        "building_id": "tile8_image_part_003_bldg_0015",
        "source_image": "tile8_image_part_003.jpg",
        "area_pixels": 89.5,
        "perimeter_pixels": 38.73,
        "mean_confidence": 0.5112,
        "spatial_reference_note": "Geographic coordinates unavailable because input imagery is not georeferenced."
      }
    },
    {
      "type": "Feature",
      "geometry": {
        "type": "Polygon",
        "coordinates": [
          [
            [
              1218.0,
              1106.0
            ],
            [
              1196.0,
              1107.0
            ],
            [
              1174.0,
              1137.0
            ],
            [
              1143.0,
              1169.0
            ],
            [
              1135.0,
              1189.0
            ],
            [
              1138.0,
              1206.0
            ],
            [
              1150.0,
              1216.0
            ],
            [
              1199.0,
              1236.0
            ],
            [
              1215.0,
              1235.0
            ],
            [
              1225.0,
              1226.0
            ],
            [
              1231.0,
              1210.0
            ],
            [
              1253.0,
              1190.0
            ],
            [
              1272.0,
              1147.0
            ],
            [
              1271.0,
              1138.0
            ],
            [
              1252.0,
              1118.0
            ],
            [
              1218.0,
              1106.0
            ]
          ]
        ]
      },
      "properties": {
        "building_id": "tile8_image_part_003_bldg_0016",
        "source_image": "tile8_image_part_003.jpg",
        "area_pixels": 11596.5,
        "perimeter_pixels": 407.14,
        "mean_confidence": 0.8535,
        "spatial_reference_note": "Geographic coordinates unavailable because input imagery is not georeferenced."
      }
    },
    {
      "type": "Feature",
      "geometry": {
        "type": "Polygon",
        "coordinates": [
          [
            [
              1660.0,
              1440.0
            ],
            [
              1660.0,
              1442.0
            ],
            [
              1661.0,
              1443.0
            ],
            [
              1667.0,
              1443.0
            ],
            [
              1668.0,
              1442.0
            ],
            [
              1672.0,
              1442.0
            ],
            [
              1673.0,
              1441.0
            ],
            [
              1673.0,
              1438.0
            ],
            [
              1671.0,
              1438.0
            ],
            [
              1670.0,
              1437.0
            ],
            [
              1664.0,
              1437.0
            ],
            [
              1663.0,
              1438.0
            ],
            [
              1662.0,
              1438.0
            ],
            [
              1660.0,
              1440.0
            ]
          ]
        ]
      },
      "properties": {
        "building_id": "tile8_image_part_003_bldg_0017",
        "source_image": "tile8_image_part_003.jpg",
        "area_pixels": 63.5,
        "perimeter_pixels": 33.9,
        "mean_confidence": 0.513,
        "spatial_reference_note": "Geographic coordinates unavailable because input imagery is not georeferenced."
      }
    },
    {
      "type": "Feature",
      "geometry": {
        "type": "Polygon",
        "coordinates": [
          [
            [
              1586.0,
              1465.0
            ],
            [
              1586.0,
              1472.0
            ],
            [
              1603.0,
              1474.0
            ],
            [
              1702.0,
              1473.0
            ],
            [
              1715.0,
              1470.0
            ],
            [
              1715.0,
              1467.0
            ],
            [
              1711.0,
              1465.0
            ],
            [
              1685.0,
              1465.0
            ],
            [
              1670.0,
              1462.0
            ],
            [
              1663.0,
              1455.0
            ],
            [
              1639.0,
              1451.0
            ],
            [
              1637.0,
              1445.0
            ],
            [
              1630.0,
              1448.0
            ],
            [
              1620.0,
              1438.0
            ],
            [
              1602.0,
              1438.0
            ],
            [
              1597.0,
              1445.0
            ],
            [
              1598.0,
              1456.0
            ],
            [
              1590.0,
              1464.0
            ],
            [
              1586.0,
              1465.0
            ]
          ]
        ]
      },
      "properties": {
        "building_id": "tile8_image_part_003_bldg_0018",
        "source_image": "tile8_image_part_003.jpg",
        "area_pixels": 2428.5,
        "perimeter_pixels": 300.63,
        "mean_confidence": 0.6267,
        "spatial_reference_note": "Geographic coordinates unavailable because input imagery is not georeferenced."
      }
    },
    {
      "type": "Feature",
      "geometry": {
        "type": "Polygon",
        "coordinates": [
          [
            [
              1015.0,
              1468.0
            ],
            [
              1015.0,
              1470.0
            ],
            [
              1033.0,
              1471.0
            ],
            [
              1034.0,
              1472.0
            ],
            [
              1044.0,
              1472.0
            ],
            [
              1048.0,
              1470.0
            ],
            [
              1050.0,
              1470.0
            ],
            [
              1051.0,
              1471.0
            ],
            [
              1060.0,
              1471.0
            ],
            [
              1061.0,
              1470.0
            ],
            [
              1061.0,
              1466.0
            ],
            [
              1053.0,
              1466.0
            ],
            [
              1052.0,
              1465.0
            ],
            [
              1042.0,
              1465.0
            ],
            [
              1041.0,
              1464.0
            ],
            [
              1037.0,
              1464.0
            ],
            [
              1036.0,
              1465.0
            ],
            [
              1028.0,
              1465.0
            ],
            [
              1027.0,
              1466.0
            ],
            [
              1021.0,
              1466.0
            ],
            [
              1018.0,
              1468.0
            ],
            [
              1015.0,
              1468.0
            ]
          ]
        ]
      },
      "properties": {
        "building_id": "tile8_image_part_003_bldg_0019",
        "source_image": "tile8_image_part_003.jpg",
        "area_pixels": 249.5,
        "perimeter_pixels": 102.0,
        "mean_confidence": 0.5262,
        "spatial_reference_note": "Geographic coordinates unavailable because input imagery is not georeferenced."
      }
    },
    {
      "type": "Feature",
      "geometry": {
        "type": "Polygon",
        "coordinates": [
          [
            [
              714.0,
              184.0
            ],
            [
              688.0,
              139.0
            ],
            [
              691.0,
              74.0
            ],
            [
              601.0,
              80.0
            ],
            [
              652.0,
              16.0
            ],
            [
              649.0,
              0.0
            ],
            [
              518.0,
              5.0
            ],
            [
              470.0,
              60.0
            ],
            [
              438.0,
              121.0
            ],
            [
              415.0,
              136.0
            ],
            [
              391.0,
              136.0
            ],
            [
              386.0,
              118.0
            ],
            [
              326.0,
              66.0
            ],
            [
              288.0,
              52.0
            ],
            [
              245.0,
              101.0
            ],
            [
              232.0,
              143.0
            ],
            [
              239.0,
              191.0
            ],
            [
              283.0,
              185.0
            ],
            [
              372.0,
              211.0
            ],
            [
              366.0,
              223.0
            ],
            [
              411.0,
              257.0
            ],
            [
              460.0,
              247.0
            ],
            [
              524.0,
              200.0
            ],
            [
              552.0,
              199.0
            ],
            [
              577.0,
              219.0
            ],
            [
              612.0,
              195.0
            ],
            [
              693.0,
              210.0
            ],
            [
              714.0,
              184.0
            ]
          ]
        ]
      },
      "properties": {
        "building_id": "tile8_image_part_004_bldg_0001",
        "source_image": "tile8_image_part_004.jpg",
        "area_pixels": 69147.5,
        "perimeter_pixels": 1480.66,
        "mean_confidence": 0.879,
        "spatial_reference_note": "Geographic coordinates unavailable because input imagery is not georeferenced."
      }
    },
    {
      "type": "Feature",
      "geometry": {
        "type": "Polygon",
        "coordinates": [
          [
            [
              1659.0,
              7.0
            ],
            [
              1661.0,
              28.0
            ],
            [
              1648.0,
              63.0
            ],
            [
              1662.0,
              83.0
            ],
            [
              1704.0,
              78.0
            ],
            [
              1749.0,
              101.0
            ],
            [
              1738.0,
              117.0
            ],
            [
              1709.0,
              125.0
            ],
            [
              1668.0,
              163.0
            ],
            [
              1674.0,
              194.0
            ],
            [
              1693.0,
              208.0
            ],
            [
              1707.0,
              235.0
            ],
            [
              1747.0,
              253.0
            ],
            [
              1783.0,
              228.0
            ],
            [
              1793.0,
              193.0
            ],
            [
              1834.0,
              151.0
            ],
            [
              1856.0,
              94.0
            ],
            [
              1852.0,
              73.0
            ],
            [
              1822.0,
              50.0
            ],
            [
              1799.0,
              63.0
            ],
            [
              1766.0,
              60.0
            ],
            [
              1740.0,
              36.0
            ],
            [
              1739.0,
              25.0
            ],
            [
              1770.0,
              7.0
            ],
            [
              1718.0,
              0.0
            ],
            [
              1659.0,
              7.0
            ]
          ]
        ]
      },
      "properties": {
        "building_id": "tile8_image_part_004_bldg_0002",
        "source_image": "tile8_image_part_004.jpg",
        "area_pixels": 28844.0,
        "perimeter_pixels": 923.45,
        "mean_confidence": 0.7662,
        "spatial_reference_note": "Geographic coordinates unavailable because input imagery is not georeferenced."
      }
    },
    {
      "type": "Feature",
      "geometry": {
        "type": "Polygon",
        "coordinates": [
          [
            [
              665.0,
              11.0
            ],
            [
              664.0,
              20.0
            ],
            [
              668.0,
              24.0
            ],
            [
              669.0,
              27.0
            ],
            [
              675.0,
              32.0
            ],
            [
              675.0,
              37.0
            ],
            [
              680.0,
              43.0
            ],
            [
              693.0,
              47.0
            ],
            [
              701.0,
              47.0
            ],
            [
              707.0,
              44.0
            ],
            [
              709.0,
              40.0
            ],
            [
              710.0,
              30.0
            ],
            [
              717.0,
              20.0
            ],
            [
              717.0,
              12.0
            ],
            [
              713.0,
              7.0
            ],
            [
              702.0,
              4.0
            ],
            [
              689.0,
              3.0
            ],
            [
              688.0,
              4.0
            ],
            [
              678.0,
              4.0
            ],
            [
              665.0,
              11.0
            ]
          ]
        ]
      },
      "properties": {
        "building_id": "tile8_image_part_004_bldg_0003",
        "source_image": "tile8_image_part_004.jpg",
        "area_pixels": 1718.0,
        "perimeter_pixels": 158.56,
        "mean_confidence": 0.6586,
        "spatial_reference_note": "Geographic coordinates unavailable because input imagery is not georeferenced."
      }
    },
    {
      "type": "Feature",
      "geometry": {
        "type": "Polygon",
        "coordinates": [
          [
            [
              808.0,
              22.0
            ],
            [
              812.0,
              29.0
            ],
            [
              825.0,
              37.0
            ],
            [
              832.0,
              38.0
            ],
            [
              836.0,
              44.0
            ],
            [
              853.0,
              47.0
            ],
            [
              858.0,
              39.0
            ],
            [
              870.0,
              39.0
            ],
            [
              876.0,
              32.0
            ],
            [
              879.0,
              22.0
            ],
            [
              891.0,
              17.0
            ],
            [
              921.0,
              13.0
            ],
            [
              931.0,
              10.0
            ],
            [
              931.0,
              8.0
            ],
            [
              925.0,
              8.0
            ],
            [
              920.0,
              4.0
            ],
            [
              850.0,
              3.0
            ],
            [
              826.0,
              8.0
            ],
            [
              809.0,
              17.0
            ],
            [
              808.0,
              22.0
            ]
          ]
        ]
      },
      "properties": {
        "building_id": "tile8_image_part_004_bldg_0004",
        "source_image": "tile8_image_part_004.jpg",
        "area_pixels": 2820.0,
        "perimeter_pixels": 282.93,
        "mean_confidence": 0.6572,
        "spatial_reference_note": "Geographic coordinates unavailable because input imagery is not georeferenced."
      }
    },
    {
      "type": "Feature",
      "geometry": {
        "type": "Polygon",
        "coordinates": [
          [
            [
              1114.0,
              125.0
            ],
            [
              1115.0,
              158.0
            ],
            [
              1162.0,
              122.0
            ],
            [
              1154.0,
              148.0
            ],
            [
              1211.0,
              171.0
            ],
            [
              1195.0,
              212.0
            ],
            [
              1160.0,
              209.0
            ],
            [
              1135.0,
              284.0
            ],
            [
              1093.0,
              260.0
            ],
            [
              1116.0,
              343.0
            ],
            [
              1246.0,
              312.0
            ],
            [
              1329.0,
              248.0
            ],
            [
              1534.0,
              231.0
            ],
            [
              1522.0,
              251.0
            ],
            [
              1404.0,
              284.0
            ],
            [
              1439.0,
              397.0
            ],
            [
              1559.0,
              392.0
            ],
            [
              1696.0,
              299.0
            ],
            [
              1639.0,
              209.0
            ],
            [
              1595.0,
              188.0
            ],
            [
              1644.0,
              137.0
            ],
            [
              1644.0,
              105.0
            ],
            [
              1455.0,
              72.0
            ],
            [
              1447.0,
              40.0
            ],
            [
              1385.0,
              35.0
            ],
            [
              1385.0,
              9.0
            ],
            [
              1222.0,
              4.0
            ],
            [
              1151.0,
              62.0
            ],
            [
              1114.0,
              125.0
            ]
          ]
        ]
      },
      "properties": {
        "building_id": "tile8_image_part_004_bldg_0005",
        "source_image": "tile8_image_part_004.jpg",
        "area_pixels": 139085.0,
        "perimeter_pixels": 2366.45,
        "mean_confidence": 0.8077,
        "spatial_reference_note": "Geographic coordinates unavailable because input imagery is not georeferenced."
      }
    },
    {
      "type": "Feature",
      "geometry": {
        "type": "Polygon",
        "coordinates": [
          [
            [
              1039.0,
              7.0
            ],
            [
              1038.0,
              6.0
            ],
            [
              1033.0,
              6.0
            ],
            [
              1032.0,
              5.0
            ],
            [
              1029.0,
              5.0
            ],
            [
              1028.0,
              4.0
            ],
            [
              1025.0,
              4.0
            ],
            [
              1024.0,
              5.0
            ],
            [
              1021.0,
              5.0
            ],
            [
              1020.0,
              6.0
            ],
            [
              1018.0,
              6.0
            ],
            [
              1017.0,
              7.0
            ],
            [
              1015.0,
              7.0
            ],
            [
              1014.0,
              8.0
            ],
            [
              1011.0,
              8.0
            ],
            [
              1011.0,
              12.0
            ],
            [
              1012.0,
              13.0
            ],
            [
              1012.0,
              16.0
            ],
            [
              1015.0,
              21.0
            ],
            [
              1022.0,
              21.0
            ],
            [
              1023.0,
              20.0
            ],
            [
              1025.0,
              20.0
            ],
            [
              1025.0,
              17.0
            ],
            [
              1026.0,
              16.0
            ],
            [
              1028.0,
              16.0
            ],
            [
              1033.0,
              13.0
            ],
            [
              1037.0,
              13.0
            ],
            [
              1039.0,
              11.0
            ],
            [
              1039.0,
              7.0
            ]
          ]
        ]
      },
      "properties": {
        "building_id": "tile8_image_part_004_bldg_0006",
        "source_image": "tile8_image_part_004.jpg",
        "area_pixels": 310.0,
        "perimeter_pixels": 78.63,
        "mean_confidence": 0.5609,
        "spatial_reference_note": "Geographic coordinates unavailable because input imagery is not georeferenced."
      }
    },
    {
      "type": "Feature",
      "geometry": {
        "type": "Polygon",
        "coordinates": [
          [
            [
              1626.0,
              24.0
            ],
            [
              1626.0,
              19.0
            ],
            [
              1621.0,
              9.0
            ],
            [
              1589.0,
              4.0
            ],
            [
              1544.0,
              7.0
            ],
            [
              1542.0,
              9.0
            ],
            [
              1534.0,
              9.0
            ],
            [
              1527.0,
              14.0
            ],
            [
              1518.0,
              15.0
            ],
            [
              1513.0,
              13.0
            ],
            [
              1509.0,
              16.0
            ],
            [
              1509.0,
              18.0
            ],
            [
              1518.0,
              21.0
            ],
            [
              1536.0,
              23.0
            ],
            [
              1569.0,
              35.0
            ],
            [
              1576.0,
              35.0
            ],
            [
              1598.0,
              41.0
            ],
            [
              1613.0,
              40.0
            ],
            [
              1620.0,
              34.0
            ],
            [
              1626.0,
              24.0
            ]
          ]
        ]
      },
      "properties": {
        "building_id": "tile8_image_part_004_bldg_0007",
        "source_image": "tile8_image_part_004.jpg",
        "area_pixels": 2697.5,
        "perimeter_pixels": 262.97,
        "mean_confidence": 0.6612,
        "spatial_reference_note": "Geographic coordinates unavailable because input imagery is not georeferenced."
      }
    },
    {
      "type": "Feature",
      "geometry": {
        "type": "Polygon",
        "coordinates": [
          [
            [
              955.0,
              9.0
            ],
            [
              955.0,
              11.0
            ],
            [
              956.0,
              13.0
            ],
            [
              958.0,
              14.0
            ],
            [
              960.0,
              14.0
            ],
            [
              961.0,
              15.0
            ],
            [
              966.0,
              15.0
            ],
            [
              969.0,
              17.0
            ],
            [
              982.0,
              17.0
            ],
            [
              983.0,
              16.0
            ],
            [
              985.0,
              16.0
            ],
            [
              989.0,
              14.0
            ],
            [
              992.0,
              11.0
            ],
            [
              994.0,
              11.0
            ],
            [
              994.0,
              9.0
            ],
            [
              993.0,
              8.0
            ],
            [
              990.0,
              8.0
            ],
            [
              989.0,
              7.0
            ],
            [
              974.0,
              7.0
            ],
            [
              973.0,
              6.0
            ],
            [
              969.0,
              6.0
            ],
            [
              968.0,
              7.0
            ],
            [
              965.0,
              7.0
            ],
            [
              964.0,
              8.0
            ],
            [
              961.0,
              8.0
            ],
            [
              960.0,
              9.0
            ],
            [
              955.0,
              9.0
            ]
          ]
        ]
      },
      "properties": {
        "building_id": "tile8_image_part_004_bldg_0008",
        "source_image": "tile8_image_part_004.jpg",
        "area_pixels": 305.5,
        "perimeter_pixels": 89.11,
        "mean_confidence": 0.5552,
        "spatial_reference_note": "Geographic coordinates unavailable because input imagery is not georeferenced."
      }
    },
    {
      "type": "Feature",
      "geometry": {
        "type": "Polygon",
        "coordinates": [
          [
            [
              1872.0,
              12.0
            ],
            [
              1866.0,
              12.0
            ],
            [
              1862.0,
              16.0
            ],
            [
              1862.0,
              26.0
            ],
            [
              1863.0,
              27.0
            ],
            [
              1863.0,
              28.0
            ],
            [
              1865.0,
              30.0
            ],
            [
              1868.0,
              30.0
            ],
            [
              1873.0,
              25.0
            ],
            [
              1873.0,
              23.0
            ],
            [
              1874.0,
              22.0
            ],
            [
              1874.0,
              21.0
            ],
            [
              1875.0,
              20.0
            ],
            [
              1875.0,
              19.0
            ],
            [
              1876.0,
              18.0
            ],
            [
              1876.0,
              15.0
            ],
            [
              1875.0,
              14.0
            ],
            [
              1875.0,
              13.0
            ],
            [
              1873.0,
              13.0
            ],
            [
              1872.0,
              12.0
            ]
          ]
        ]
      },
      "properties": {
        "building_id": "tile8_image_part_004_bldg_0009",
        "source_image": "tile8_image_part_004.jpg",
        "area_pixels": 192.5,
        "perimeter_pixels": 54.04,
        "mean_confidence": 0.5489,
        "spatial_reference_note": "Geographic coordinates unavailable because input imagery is not georeferenced."
      }
    },
    {
      "type": "Feature",
      "geometry": {
        "type": "Polygon",
        "coordinates": [
          [
            [
              995.0,
              39.0
            ],
            [
              990.0,
              40.0
            ],
            [
              965.0,
              57.0
            ],
            [
              948.0,
              62.0
            ],
            [
              941.0,
              68.0
            ],
            [
              936.0,
              68.0
            ],
            [
              928.0,
              73.0
            ],
            [
              908.0,
              75.0
            ],
            [
              902.0,
              79.0
            ],
            [
              899.0,
              84.0
            ],
            [
              905.0,
              88.0
            ],
            [
              913.0,
              88.0
            ],
            [
              934.0,
              78.0
            ],
            [
              949.0,
              77.0
            ],
            [
              954.0,
              74.0
            ],
            [
              970.0,
              70.0
            ],
            [
              982.0,
              58.0
            ],
            [
              993.0,
              55.0
            ],
            [
              995.0,
              39.0
            ]
          ]
        ]
      },
      "properties": {
        "building_id": "tile8_image_part_004_bldg_0010",
        "source_image": "tile8_image_part_004.jpg",
        "area_pixels": 1171.5,
        "perimeter_pixels": 230.17,
        "mean_confidence": 0.5559,
        "spatial_reference_note": "Geographic coordinates unavailable because input imagery is not georeferenced."
      }
    },
    {
      "type": "Feature",
      "geometry": {
        "type": "Polygon",
        "coordinates": [
          [
            [
              1896.0,
              79.0
            ],
            [
              1879.0,
              122.0
            ],
            [
              1881.0,
              135.0
            ],
            [
              1898.0,
              149.0
            ],
            [
              1927.0,
              163.0
            ],
            [
              1947.0,
              168.0
            ],
            [
              1989.0,
              171.0
            ],
            [
              2021.0,
              163.0
            ],
            [
              2052.0,
              110.0
            ],
            [
              2052.0,
              99.0
            ],
            [
              2033.0,
              87.0
            ],
            [
              1936.0,
              55.0
            ],
            [
              1920.0,
              58.0
            ],
            [
              1896.0,
              79.0
            ]
          ]
        ]
      },
      "properties": {
        "building_id": "tile8_image_part_004_bldg_0011",
        "source_image": "tile8_image_part_004.jpg",
        "area_pixels": 14289.0,
        "perimeter_pixels": 454.51,
        "mean_confidence": 0.883,
        "spatial_reference_note": "Geographic coordinates unavailable because input imagery is not georeferenced."
      }
    },
    {
      "type": "Feature",
      "geometry": {
        "type": "Polygon",
        "coordinates": [
          [
            [
              768.0,
              92.0
            ],
            [
              765.0,
              95.0
            ],
            [
              757.0,
              98.0
            ],
            [
              756.0,
              106.0
            ],
            [
              768.0,
              120.0
            ],
            [
              767.0,
              130.0
            ],
            [
              769.0,
              138.0
            ],
            [
              775.0,
              145.0
            ],
            [
              781.0,
              146.0
            ],
            [
              786.0,
              144.0
            ],
            [
              789.0,
              138.0
            ],
            [
              792.0,
              136.0
            ],
            [
              792.0,
              132.0
            ],
            [
              797.0,
              128.0
            ],
            [
              798.0,
              125.0
            ],
            [
              797.0,
              109.0
            ],
            [
              799.0,
              97.0
            ],
            [
              794.0,
              94.0
            ],
            [
              774.0,
              94.0
            ],
            [
              771.0,
              92.0
            ],
            [
              768.0,
              92.0
            ]
          ]
        ]
      },
      "properties": {
        "building_id": "tile8_image_part_004_bldg_0012",
        "source_image": "tile8_image_part_004.jpg",
        "area_pixels": 1578.5,
        "perimeter_pixels": 162.78,
        "mean_confidence": 0.5865,
        "spatial_reference_note": "Geographic coordinates unavailable because input imagery is not georeferenced."
      }
    },
    {
      "type": "Feature",
      "geometry": {
        "type": "Polygon",
        "coordinates": [
          [
            [
              2140.0,
              126.0
            ],
            [
              2123.0,
              120.0
            ],
            [
              2100.0,
              123.0
            ],
            [
              2084.0,
              128.0
            ],
            [
              2062.0,
              145.0
            ],
            [
              2056.0,
              159.0
            ],
            [
              2057.0,
              173.0
            ],
            [
              2046.0,
              187.0
            ],
            [
              2047.0,
              203.0
            ],
            [
              2040.0,
              208.0
            ],
            [
              2038.0,
              229.0
            ],
            [
              2028.0,
              258.0
            ],
            [
              2028.0,
              264.0
            ],
            [
              2033.0,
              269.0
            ],
            [
              2039.0,
              266.0
            ],
            [
              2039.0,
              260.0
            ],
            [
              2057.0,
              241.0
            ],
            [
              2056.0,
              228.0
            ],
            [
              2067.0,
              217.0
            ],
            [
              2076.0,
              200.0
            ],
            [
              2141.0,
              183.0
            ],
            [
              2144.0,
              137.0
            ],
            [
              2140.0,
              126.0
            ]
          ]
        ]
      },
      "properties": {
        "building_id": "tile8_image_part_004_bldg_0013",
        "source_image": "tile8_image_part_004.jpg",
        "area_pixels": 7199.5,
        "perimeter_pixels": 434.04,
        "mean_confidence": 0.773,
        "spatial_reference_note": "Geographic coordinates unavailable because input imagery is not georeferenced."
      }
    },
    {
      "type": "Feature",
      "geometry": {
        "type": "Polygon",
        "coordinates": [
          [
            [
              1148.0,
              175.0
            ],
            [
              1145.0,
              172.0
            ],
            [
              1139.0,
              172.0
            ],
            [
              1134.0,
              174.0
            ],
            [
              1133.0,
              176.0
            ],
            [
              1128.0,
              179.0
            ],
            [
              1125.0,
              183.0
            ],
            [
              1124.0,
              187.0
            ],
            [
              1113.0,
              186.0
            ],
            [
              1108.0,
              189.0
            ],
            [
              1105.0,
              189.0
            ],
            [
              1102.0,
              194.0
            ],
            [
              1101.0,
              200.0
            ],
            [
              1098.0,
              203.0
            ],
            [
              1098.0,
              208.0
            ],
            [
              1099.0,
              209.0
            ],
            [
              1104.0,
              209.0
            ],
            [
              1113.0,
              202.0
            ],
            [
              1114.0,
              198.0
            ],
            [
              1117.0,
              195.0
            ],
            [
              1120.0,
              194.0
            ],
            [
              1125.0,
              196.0
            ],
            [
              1133.0,
              196.0
            ],
            [
              1136.0,
              198.0
            ],
            [
              1140.0,
              198.0
            ],
            [
              1149.0,
              189.0
            ],
            [
              1148.0,
              175.0
            ]
          ]
        ]
      },
      "properties": {
        "building_id": "tile8_image_part_004_bldg_0014",
        "source_image": "tile8_image_part_004.jpg",
        "area_pixels": 821.5,
        "perimeter_pixels": 150.95,
        "mean_confidence": 0.5445,
        "spatial_reference_note": "Geographic coordinates unavailable because input imagery is not georeferenced."
      }
    },
    {
      "type": "Feature",
      "geometry": {
        "type": "Polygon",
        "coordinates": [
          [
            [
              872.0,
              200.0
            ],
            [
              820.0,
              198.0
            ],
            [
              802.0,
              232.0
            ],
            [
              792.0,
              281.0
            ],
            [
              757.0,
              270.0
            ],
            [
              735.0,
              240.0
            ],
            [
              712.0,
              237.0
            ],
            [
              702.0,
              245.0
            ],
            [
              675.0,
              312.0
            ],
            [
              644.0,
              359.0
            ],
            [
              623.0,
              429.0
            ],
            [
              657.0,
              422.0
            ],
            [
              677.0,
              435.0
            ],
            [
              730.0,
              439.0
            ],
            [
              743.0,
              367.0
            ],
            [
              778.0,
              339.0
            ],
            [
              766.0,
              310.0
            ],
            [
              804.0,
              294.0
            ],
            [
              847.0,
              287.0
            ],
            [
              881.0,
              262.0
            ],
            [
              894.0,
              228.0
            ],
            [
              872.0,
              200.0
            ]
          ]
        ]
      },
      "properties": {
        "building_id": "tile8_image_part_004_bldg_0015",
        "source_image": "tile8_image_part_004.jpg",
        "area_pixels": 25550.5,
        "perimeter_pixels": 912.13,
        "mean_confidence": 0.7726,
        "spatial_reference_note": "Geographic coordinates unavailable because input imagery is not georeferenced."
      }
    },
    {
      "type": "Feature",
      "geometry": {
        "type": "Polygon",
        "coordinates": [
          [
            [
              1049.0,
              358.0
            ],
            [
              1042.0,
              325.0
            ],
            [
              1021.0,
              291.0
            ],
            [
              997.0,
              263.0
            ],
            [
              965.0,
              251.0
            ],
            [
              937.0,
              282.0
            ],
            [
              941.0,
              288.0
            ],
            [
              966.0,
              291.0
            ],
            [
              967.0,
              300.0
            ],
            [
              955.0,
              315.0
            ],
            [
              937.0,
              314.0
            ],
            [
              926.0,
              299.0
            ],
            [
              891.0,
              307.0
            ],
            [
              864.0,
              331.0
            ],
            [
              838.0,
              345.0
            ],
            [
              831.0,
              365.0
            ],
            [
              839.0,
              376.0
            ],
            [
              870.0,
              377.0
            ],
            [
              889.0,
              399.0
            ],
            [
              917.0,
              405.0
            ],
            [
              960.0,
              403.0
            ],
            [
              990.0,
              395.0
            ],
            [
              1016.0,
              380.0
            ],
            [
              1044.0,
              374.0
            ],
            [
              1049.0,
              358.0
            ]
          ]
        ]
      },
      "properties": {
        "building_id": "tile8_image_part_004_bldg_0016",
        "source_image": "tile8_image_part_004.jpg",
        "area_pixels": 19333.5,
        "perimeter_pixels": 658.39,
        "mean_confidence": 0.7428,
        "spatial_reference_note": "Geographic coordinates unavailable because input imagery is not georeferenced."
      }
    },
    {
      "type": "Feature",
      "geometry": {
        "type": "Polygon",
        "coordinates": [
          [
            [
              216.0,
              256.0
            ],
            [
              216.0,
              261.0
            ],
            [
              218.0,
              263.0
            ],
            [
              219.0,
              268.0
            ],
            [
              223.0,
              273.0
            ],
            [
              223.0,
              275.0
            ],
            [
              231.0,
              283.0
            ],
            [
              234.0,
              283.0
            ],
            [
              235.0,
              284.0
            ],
            [
              244.0,
              283.0
            ],
            [
              245.0,
              282.0
            ],
            [
              250.0,
              281.0
            ],
            [
              253.0,
              279.0
            ],
            [
              255.0,
              279.0
            ],
            [
              258.0,
              274.0
            ],
            [
              258.0,
              271.0
            ],
            [
              255.0,
              267.0
            ],
            [
              239.0,
              259.0
            ],
            [
              237.0,
              256.0
            ],
            [
              232.0,
              255.0
            ],
            [
              227.0,
              252.0
            ],
            [
              224.0,
              252.0
            ],
            [
              216.0,
              256.0
            ]
          ]
        ]
      },
      "properties": {
        "building_id": "tile8_image_part_004_bldg_0017",
        "source_image": "tile8_image_part_004.jpg",
        "area_pixels": 842.0,
        "perimeter_pixels": 116.43,
        "mean_confidence": 0.5686,
        "spatial_reference_note": "Geographic coordinates unavailable because input imagery is not georeferenced."
      }
    },
    {
      "type": "Feature",
      "geometry": {
        "type": "Polygon",
        "coordinates": [
          [
            [
              2033.0,
              274.0
            ],
            [
              2030.0,
              274.0
            ],
            [
              2029.0,
              273.0
            ],
            [
              2025.0,
              273.0
            ],
            [
              2024.0,
              274.0
            ],
            [
              2020.0,
              274.0
            ],
            [
              2018.0,
              276.0
            ],
            [
              2018.0,
              277.0
            ],
            [
              2017.0,
              278.0
            ],
            [
              2017.0,
              282.0
            ],
            [
              2018.0,
              283.0
            ],
            [
              2018.0,
              284.0
            ],
            [
              2019.0,
              285.0
            ],
            [
              2019.0,
              286.0
            ],
            [
              2022.0,
              289.0
            ],
            [
              2025.0,
              289.0
            ],
            [
              2026.0,
              288.0
            ],
            [
              2026.0,
              287.0
            ],
            [
              2027.0,
              286.0
            ],
            [
              2027.0,
              285.0
            ],
            [
              2029.0,
              283.0
            ],
            [
              2030.0,
              283.0
            ],
            [
              2031.0,
              282.0
            ],
            [
              2032.0,
              282.0
            ],
            [
              2033.0,
              281.0
            ],
            [
              2033.0,
              280.0
            ],
            [
              2034.0,
              279.0
            ],
            [
              2034.0,
              275.0
            ],
            [
              2033.0,
              274.0
            ]
          ]
        ]
      },
      "properties": {
        "building_id": "tile8_image_part_004_bldg_0018",
        "source_image": "tile8_image_part_004.jpg",
        "area_pixels": 189.0,
        "perimeter_pixels": 55.46,
        "mean_confidence": 0.5293,
        "spatial_reference_note": "Geographic coordinates unavailable because input imagery is not georeferenced."
      }
    },
    {
      "type": "Feature",
      "geometry": {
        "type": "Polygon",
        "coordinates": [
          [
            [
              1351.0,
              304.0
            ],
            [
              1296.0,
              306.0
            ],
            [
              1256.0,
              316.0
            ],
            [
              1177.0,
              362.0
            ],
            [
              1132.0,
              380.0
            ],
            [
              1123.0,
              395.0
            ],
            [
              1127.0,
              430.0
            ],
            [
              1165.0,
              509.0
            ],
            [
              1200.0,
              511.0
            ],
            [
              1251.0,
              480.0
            ],
            [
              1368.0,
              426.0
            ],
            [
              1400.0,
              398.0
            ],
            [
              1401.0,
              373.0
            ],
            [
              1372.0,
              341.0
            ],
            [
              1351.0,
              304.0
            ]
          ]
        ]
      },
      "properties": {
        "building_id": "tile8_image_part_004_bldg_0019",
        "source_image": "tile8_image_part_004.jpg",
        "area_pixels": 35878.0,
        "perimeter_pixels": 753.41,
        "mean_confidence": 0.887,
        "spatial_reference_note": "Geographic coordinates unavailable because input imagery is not georeferenced."
      }
    },
    {
      "type": "Feature",
      "geometry": {
        "type": "Polygon",
        "coordinates": [
          [
            [
              2055.0,
              329.0
            ],
            [
              2059.0,
              348.0
            ],
            [
              2067.0,
              356.0
            ],
            [
              2100.0,
              375.0
            ],
            [
              2108.0,
              376.0
            ],
            [
              2133.0,
              363.0
            ],
            [
              2140.0,
              364.0
            ],
            [
              2142.0,
              361.0
            ],
            [
              2144.0,
              322.0
            ],
            [
              2139.0,
              312.0
            ],
            [
              2124.0,
              310.0
            ],
            [
              2079.0,
              311.0
            ],
            [
              2063.0,
              318.0
            ],
            [
              2055.0,
              329.0
            ]
          ]
        ]
      },
      "properties": {
        "building_id": "tile8_image_part_004_bldg_0020",
        "source_image": "tile8_image_part_004.jpg",
        "area_pixels": 4583.0,
        "perimeter_pixels": 257.17,
        "mean_confidence": 0.8169,
        "spatial_reference_note": "Geographic coordinates unavailable because input imagery is not georeferenced."
      }
    },
    {
      "type": "Feature",
      "geometry": {
        "type": "Polygon",
        "coordinates": [
          [
            [
              307.0,
              328.0
            ],
            [
              301.0,
              326.0
            ],
            [
              293.0,
              326.0
            ],
            [
              291.0,
              328.0
            ],
            [
              285.0,
              330.0
            ],
            [
              276.0,
              330.0
            ],
            [
              273.0,
              338.0
            ],
            [
              272.0,
              348.0
            ],
            [
              270.0,
              351.0
            ],
            [
              270.0,
              359.0
            ],
            [
              271.0,
              364.0
            ],
            [
              275.0,
              368.0
            ],
            [
              277.0,
              375.0
            ],
            [
              281.0,
              380.0
            ],
            [
              283.0,
              380.0
            ],
            [
              290.0,
              376.0
            ],
            [
              292.0,
              371.0
            ],
            [
              300.0,
              363.0
            ],
            [
              304.0,
              357.0
            ],
            [
              305.0,
              344.0
            ],
            [
              309.0,
              337.0
            ],
            [
              307.0,
              328.0
            ]
          ]
        ]
      },
      "properties": {
        "building_id": "tile8_image_part_004_bldg_0021",
        "source_image": "tile8_image_part_004.jpg",
        "area_pixels": 1443.0,
        "perimeter_pixels": 151.41,
        "mean_confidence": 0.5998,
        "spatial_reference_note": "Geographic coordinates unavailable because input imagery is not georeferenced."
      }
    },
    {
      "type": "Feature",
      "geometry": {
        "type": "Polygon",
        "coordinates": [
          [
            [
              2140.0,
              404.0
            ],
            [
              2107.0,
              412.0
            ],
            [
              2070.0,
              438.0
            ],
            [
              2049.0,
              473.0
            ],
            [
              2032.0,
              440.0
            ],
            [
              2039.0,
              394.0
            ],
            [
              2015.0,
              369.0
            ],
            [
              1987.0,
              368.0
            ],
            [
              1957.0,
              388.0
            ],
            [
              1817.0,
              371.0
            ],
            [
              1784.0,
              376.0
            ],
            [
              1714.0,
              423.0
            ],
            [
              1712.0,
              440.0
            ],
            [
              1777.0,
              534.0
            ],
            [
              1805.0,
              537.0
            ],
            [
              1869.0,
              504.0
            ],
            [
              1940.0,
              514.0
            ],
            [
              1980.0,
              494.0
            ],
            [
              2017.0,
              493.0
            ],
            [
              2045.0,
              479.0
            ],
            [
              2076.0,
              504.0
            ],
            [
              2113.0,
              504.0
            ],
            [
              2142.0,
              477.0
            ],
            [
              2140.0,
              404.0
            ]
          ]
        ]
      },
      "properties": {
        "building_id": "tile8_image_part_004_bldg_0022",
        "source_image": "tile8_image_part_004.jpg",
        "area_pixels": 46662.0,
        "perimeter_pixels": 1166.88,
        "mean_confidence": 0.8932,
        "spatial_reference_note": "Geographic coordinates unavailable because input imagery is not georeferenced."
      }
    },
    {
      "type": "Feature",
      "geometry": {
        "type": "Polygon",
        "coordinates": [
          [
            [
              1933.0,
              1059.0
            ],
            [
              1821.0,
              973.0
            ],
            [
              1553.0,
              1073.0
            ],
            [
              1565.0,
              959.0
            ],
            [
              1674.0,
              875.0
            ],
            [
              1645.0,
              428.0
            ],
            [
              604.0,
              770.0
            ],
            [
              377.0,
              761.0
            ],
            [
              277.0,
              1016.0
            ],
            [
              663.0,
              1140.0
            ],
            [
              985.0,
              1005.0
            ],
            [
              1468.0,
              979.0
            ],
            [
              1390.0,
              1093.0
            ],
            [
              1272.0,
              1121.0
            ],
            [
              1238.0,
              1013.0
            ],
            [
              1129.0,
              1116.0
            ],
            [
              897.0,
              1113.0
            ],
            [
              814.0,
              1187.0
            ],
            [
              806.0,
              1305.0
            ],
            [
              1233.0,
              1279.0
            ],
            [
              1609.0,
              1315.0
            ],
            [
              1469.0,
              1411.0
            ],
            [
              1287.0,
              1378.0
            ],
            [
              1098.0,
              1439.0
            ],
            [
              1152.0,
              1476.0
            ],
            [
              1693.0,
              1472.0
            ],
            [
              1658.0,
              1356.0
            ],
            [
              1840.0,
              1215.0
            ],
            [
              1682.0,
              1122.0
            ],
            [
              1842.0,
              1036.0
            ],
            [
              1900.0,
              1122.0
            ],
            [
              1933.0,
              1059.0
            ]
          ]
        ]
      },
      "properties": {
        "building_id": "tile8_image_part_004_bldg_0023",
        "source_image": "tile8_image_part_004.jpg",
        "area_pixels": 807708.5,
        "perimeter_pixels": 7803.17,
        "mean_confidence": 0.8848,
        "spatial_reference_note": "Geographic coordinates unavailable because input imagery is not georeferenced."
      }
    },
    {
      "type": "Feature",
      "geometry": {
        "type": "Polygon",
        "coordinates": [
          [
            [
              1106.0,
              463.0
            ],
            [
              1076.0,
              436.0
            ],
            [
              987.0,
              434.0
            ],
            [
              975.0,
              446.0
            ],
            [
              1003.0,
              465.0
            ],
            [
              1005.0,
              481.0
            ],
            [
              967.0,
              499.0
            ],
            [
              903.0,
              487.0
            ],
            [
              915.0,
              454.0
            ],
            [
              909.0,
              444.0
            ],
            [
              878.0,
              435.0
            ],
            [
              813.0,
              437.0
            ],
            [
              799.0,
              451.0
            ],
            [
              801.0,
              490.0
            ],
            [
              820.0,
              517.0
            ],
            [
              806.0,
              542.0
            ],
            [
              803.0,
              582.0
            ],
            [
              834.0,
              603.0
            ],
            [
              864.0,
              604.0
            ],
            [
              1075.0,
              550.0
            ],
            [
              1090.0,
              531.0
            ],
            [
              1089.0,
              499.0
            ],
            [
              1106.0,
              463.0
            ]
          ]
        ]
      },
      "properties": {
        "building_id": "tile8_image_part_004_bldg_0024",
        "source_image": "tile8_image_part_004.jpg",
        "area_pixels": 36217.0,
        "perimeter_pixels": 989.49,
        "mean_confidence": 0.8215,
        "spatial_reference_note": "Geographic coordinates unavailable because input imagery is not georeferenced."
      }
    },
    {
      "type": "Feature",
      "geometry": {
        "type": "Polygon",
        "coordinates": [
          [
            [
              662.0,
              450.0
            ],
            [
              655.0,
              450.0
            ],
            [
              654.0,
              451.0
            ],
            [
              651.0,
              451.0
            ],
            [
              650.0,
              452.0
            ],
            [
              650.0,
              456.0
            ],
            [
              649.0,
              458.0
            ],
            [
              647.0,
              460.0
            ],
            [
              646.0,
              460.0
            ],
            [
              646.0,
              461.0
            ],
            [
              641.0,
              467.0
            ],
            [
              641.0,
              469.0
            ],
            [
              644.0,
              475.0
            ],
            [
              646.0,
              477.0
            ],
            [
              646.0,
              478.0
            ],
            [
              649.0,
              480.0
            ],
            [
              652.0,
              480.0
            ],
            [
              655.0,
              482.0
            ],
            [
              658.0,
              482.0
            ],
            [
              659.0,
              480.0
            ],
            [
              659.0,
              478.0
            ],
            [
              660.0,
              477.0
            ],
            [
              660.0,
              474.0
            ],
            [
              658.0,
              470.0
            ],
            [
              658.0,
              465.0
            ],
            [
              660.0,
              463.0
            ],
            [
              660.0,
              462.0
            ],
            [
              662.0,
              460.0
            ],
            [
              664.0,
              456.0
            ],
            [
              664.0,
              453.0
            ],
            [
              662.0,
              450.0
            ]
          ]
        ]
      },
      "properties": {
        "building_id": "tile8_image_part_004_bldg_0025",
        "source_image": "tile8_image_part_004.jpg",
        "area_pixels": 451.5,
        "perimeter_pixels": 93.31,
        "mean_confidence": 0.5227,
        "spatial_reference_note": "Geographic coordinates unavailable because input imagery is not georeferenced."
      }
    },
    {
      "type": "Feature",
      "geometry": {
        "type": "Polygon",
        "coordinates": [
          [
            [
              730.0,
              466.0
            ],
            [
              728.0,
              465.0
            ],
            [
              713.0,
              466.0
            ],
            [
              712.0,
              467.0
            ],
            [
              708.0,
              467.0
            ],
            [
              703.0,
              472.0
            ],
            [
              699.0,
              472.0
            ],
            [
              698.0,
              471.0
            ],
            [
              692.0,
              472.0
            ],
            [
              688.0,
              474.0
            ],
            [
              684.0,
              478.0
            ],
            [
              683.0,
              484.0
            ],
            [
              690.0,
              495.0
            ],
            [
              696.0,
              499.0
            ],
            [
              702.0,
              499.0
            ],
            [
              709.0,
              501.0
            ],
            [
              710.0,
              500.0
            ],
            [
              715.0,
              500.0
            ],
            [
              719.0,
              498.0
            ],
            [
              725.0,
              498.0
            ],
            [
              726.0,
              496.0
            ],
            [
              733.0,
              491.0
            ],
            [
              735.0,
              487.0
            ],
            [
              735.0,
              481.0
            ],
            [
              730.0,
              466.0
            ]
          ]
        ]
      },
      "properties": {
        "building_id": "tile8_image_part_004_bldg_0026",
        "source_image": "tile8_image_part_004.jpg",
        "area_pixels": 1388.0,
        "perimeter_pixels": 145.0,
        "mean_confidence": 0.6296,
        "spatial_reference_note": "Geographic coordinates unavailable because input imagery is not georeferenced."
      }
    },
    {
      "type": "Feature",
      "geometry": {
        "type": "Polygon",
        "coordinates": [
          [
            [
              38.0,
              518.0
            ],
            [
              36.0,
              516.0
            ],
            [
              30.0,
              516.0
            ],
            [
              29.0,
              517.0
            ],
            [
              26.0,
              517.0
            ],
            [
              25.0,
              518.0
            ],
            [
              20.0,
              518.0
            ],
            [
              20.0,
              521.0
            ],
            [
              21.0,
              522.0
            ],
            [
              25.0,
              522.0
            ],
            [
              26.0,
              523.0
            ],
            [
              28.0,
              523.0
            ],
            [
              29.0,
              524.0
            ],
            [
              32.0,
              524.0
            ],
            [
              33.0,
              523.0
            ],
            [
              34.0,
              523.0
            ],
            [
              35.0,
              522.0
            ],
            [
              38.0,
              522.0
            ],
            [
              38.0,
              518.0
            ]
          ]
        ]
      },
      "properties": {
        "building_id": "tile8_image_part_004_bldg_0027",
        "source_image": "tile8_image_part_004.jpg",
        "area_pixels": 103.5,
        "perimeter_pixels": 46.73,
        "mean_confidence": 0.513,
        "spatial_reference_note": "Geographic coordinates unavailable because input imagery is not georeferenced."
      }
    },
    {
      "type": "Feature",
      "geometry": {
        "type": "Polygon",
        "coordinates": [
          [
            [
              2140.0,
              522.0
            ],
            [
              2137.0,
              523.0
            ],
            [
              2128.0,
              523.0
            ],
            [
              2122.0,
              525.0
            ],
            [
              2113.0,
              533.0
            ],
            [
              2115.0,
              546.0
            ],
            [
              2118.0,
              553.0
            ],
            [
              2121.0,
              557.0
            ],
            [
              2122.0,
              561.0
            ],
            [
              2129.0,
              564.0
            ],
            [
              2136.0,
              570.0
            ],
            [
              2140.0,
              570.0
            ],
            [
              2141.0,
              569.0
            ],
            [
              2142.0,
              557.0
            ],
            [
              2143.0,
              556.0
            ],
            [
              2143.0,
              533.0
            ],
            [
              2142.0,
              532.0
            ],
            [
              2142.0,
              527.0
            ],
            [
              2140.0,
              522.0
            ]
          ]
        ]
      },
      "properties": {
        "building_id": "tile8_image_part_004_bldg_0028",
        "source_image": "tile8_image_part_004.jpg",
        "area_pixels": 1066.0,
        "perimeter_pixels": 130.92,
        "mean_confidence": 0.6577,
        "spatial_reference_note": "Geographic coordinates unavailable because input imagery is not georeferenced."
      }
    },
    {
      "type": "Feature",
      "geometry": {
        "type": "Polygon",
        "coordinates": [
          [
            [
              2002.0,
              534.0
            ],
            [
              1976.0,
              531.0
            ],
            [
              1935.0,
              551.0
            ],
            [
              1850.0,
              560.0
            ],
            [
              1805.0,
              611.0
            ],
            [
              1813.0,
              700.0
            ],
            [
              1830.0,
              748.0
            ],
            [
              1818.0,
              797.0
            ],
            [
              1843.0,
              833.0
            ],
            [
              1878.0,
              852.0
            ],
            [
              1918.0,
              843.0
            ],
            [
              1975.0,
              801.0
            ],
            [
              1986.0,
              757.0
            ],
            [
              1956.0,
              733.0
            ],
            [
              1972.0,
              695.0
            ],
            [
              2003.0,
              703.0
            ],
            [
              2007.0,
              735.0
            ],
            [
              2027.0,
              759.0
            ],
            [
              2067.0,
              757.0
            ],
            [
              2141.0,
              728.0
            ],
            [
              2141.0,
              662.0
            ],
            [
              2119.0,
              624.0
            ],
            [
              2055.0,
              563.0
            ],
            [
              2023.0,
              554.0
            ],
            [
              2002.0,
              534.0
            ]
          ]
        ]
      },
      "properties": {
        "building_id": "tile8_image_part_004_bldg_0029",
        "source_image": "tile8_image_part_004.jpg",
        "area_pixels": 70274.5,
        "perimeter_pixels": 1212.07,
        "mean_confidence": 0.8957,
        "spatial_reference_note": "Geographic coordinates unavailable because input imagery is not georeferenced."
      }
    },
    {
      "type": "Feature",
      "geometry": {
        "type": "Polygon",
        "coordinates": [
          [
            [
              589.0,
              541.0
            ],
            [
              584.0,
              541.0
            ],
            [
              577.0,
              544.0
            ],
            [
              566.0,
              543.0
            ],
            [
              563.0,
              546.0
            ],
            [
              556.0,
              548.0
            ],
            [
              550.0,
              555.0
            ],
            [
              550.0,
              558.0
            ],
            [
              552.0,
              559.0
            ],
            [
              553.0,
              563.0
            ],
            [
              552.0,
              589.0
            ],
            [
              555.0,
              593.0
            ],
            [
              561.0,
              594.0
            ],
            [
              563.0,
              592.0
            ],
            [
              562.0,
              585.0
            ],
            [
              564.0,
              583.0
            ],
            [
              573.0,
              584.0
            ],
            [
              573.0,
              581.0
            ],
            [
              567.0,
              580.0
            ],
            [
              568.0,
              575.0
            ],
            [
              575.0,
              569.0
            ],
            [
              573.0,
              560.0
            ],
            [
              578.0,
              557.0
            ],
            [
              588.0,
              557.0
            ],
            [
              587.0,
              548.0
            ],
            [
              589.0,
              545.0
            ],
            [
              589.0,
              541.0
            ]
          ]
        ]
      },
      "properties": {
        "building_id": "tile8_image_part_004_bldg_0030",
        "source_image": "tile8_image_part_004.jpg",
        "area_pixels": 1073.0,
        "perimeter_pixels": 177.76,
        "mean_confidence": 0.5363,
        "spatial_reference_note": "Geographic coordinates unavailable because input imagery is not georeferenced."
      }
    },
    {
      "type": "Feature",
      "geometry": {
        "type": "Polygon",
        "coordinates": [
          [
            [
              582.0,
              568.0
            ],
            [
              582.0,
              572.0
            ],
            [
              583.0,
              573.0
            ],
            [
              586.0,
              573.0
            ],
            [
              587.0,
              572.0
            ],
            [
              588.0,
              572.0
            ],
            [
              590.0,
              570.0
            ],
            [
              590.0,
              567.0
            ],
            [
              584.0,
              567.0
            ],
            [
              583.0,
              568.0
            ],
            [
              582.0,
              568.0
            ]
          ]
        ]
      },
      "properties": {
        "building_id": "tile8_image_part_004_bldg_0031",
        "source_image": "tile8_image_part_004.jpg",
        "area_pixels": 40.5,
        "perimeter_pixels": 25.07,
        "mean_confidence": 0.5092,
        "spatial_reference_note": "Geographic coordinates unavailable because input imagery is not georeferenced."
      }
    },
    {
      "type": "Feature",
      "geometry": {
        "type": "Polygon",
        "coordinates": [
          [
            [
              536.0,
              594.0
            ],
            [
              516.0,
              598.0
            ],
            [
              483.0,
              622.0
            ],
            [
              450.0,
              630.0
            ],
            [
              450.0,
              635.0
            ],
            [
              455.0,
              636.0
            ],
            [
              458.0,
              642.0
            ],
            [
              447.0,
              658.0
            ],
            [
              446.0,
              667.0
            ],
            [
              455.0,
              679.0
            ],
            [
              466.0,
              685.0
            ],
            [
              500.0,
              694.0
            ],
            [
              523.0,
              692.0
            ],
            [
              534.0,
              688.0
            ],
            [
              541.0,
              681.0
            ],
            [
              542.0,
              676.0
            ],
            [
              530.0,
              652.0
            ],
            [
              533.0,
              630.0
            ],
            [
              539.0,
              628.0
            ],
            [
              543.0,
              611.0
            ],
            [
              542.0,
              601.0
            ],
            [
              536.0,
              594.0
            ]
          ]
        ]
      },
      "properties": {
        "building_id": "tile8_image_part_004_bldg_0032",
        "source_image": "tile8_image_part_004.jpg",
        "area_pixels": 6591.0,
        "perimeter_pixels": 345.02,
        "mean_confidence": 0.8102,
        "spatial_reference_note": "Geographic coordinates unavailable because input imagery is not georeferenced."
      }
    },
    {
      "type": "Feature",
      "geometry": {
        "type": "Polygon",
        "coordinates": [
          [
            [
              36.0,
              644.0
            ],
            [
              17.0,
              648.0
            ],
            [
              0.0,
              672.0
            ],
            [
              0.0,
              1111.0
            ],
            [
              12.0,
              1156.0
            ],
            [
              148.0,
              1056.0
            ],
            [
              157.0,
              1039.0
            ],
            [
              153.0,
              989.0
            ],
            [
              136.0,
              966.0
            ],
            [
              141.0,
              865.0
            ],
            [
              132.0,
              776.0
            ],
            [
              91.0,
              714.0
            ],
            [
              38.0,
              718.0
            ],
            [
              60.0,
              678.0
            ],
            [
              36.0,
              644.0
            ]
          ]
        ]
      },
      "properties": {
        "building_id": "tile8_image_part_004_bldg_0033",
        "source_image": "tile8_image_part_004.jpg",
        "area_pixels": 57470.0,
        "perimeter_pixels": 1206.53,
        "mean_confidence": 0.8483,
        "spatial_reference_note": "Geographic coordinates unavailable because input imagery is not georeferenced."
      }
    },
    {
      "type": "Feature",
      "geometry": {
        "type": "Polygon",
        "coordinates": [
          [
            [
              172.0,
              1113.0
            ],
            [
              153.0,
              1112.0
            ],
            [
              87.0,
              1150.0
            ],
            [
              54.0,
              1194.0
            ],
            [
              31.0,
              1206.0
            ],
            [
              18.0,
              1204.0
            ],
            [
              9.0,
              1213.0
            ],
            [
              6.0,
              1228.0
            ],
            [
              17.0,
              1250.0
            ],
            [
              42.0,
              1248.0
            ],
            [
              47.0,
              1254.0
            ],
            [
              36.0,
              1279.0
            ],
            [
              17.0,
              1280.0
            ],
            [
              0.0,
              1321.0
            ],
            [
              0.0,
              1397.0
            ],
            [
              17.0,
              1414.0
            ],
            [
              26.0,
              1410.0
            ],
            [
              56.0,
              1348.0
            ],
            [
              108.0,
              1287.0
            ],
            [
              149.0,
              1289.0
            ],
            [
              202.0,
              1236.0
            ],
            [
              205.0,
              1217.0
            ],
            [
              193.0,
              1189.0
            ],
            [
              204.0,
              1175.0
            ],
            [
              207.0,
              1154.0
            ],
            [
              172.0,
              1113.0
            ]
          ]
        ]
      },
      "properties": {
        "building_id": "tile8_image_part_004_bldg_0034",
        "source_image": "tile8_image_part_004.jpg",
        "area_pixels": 30764.5,
        "perimeter_pixels": 883.06,
        "mean_confidence": 0.781,
        "spatial_reference_note": "Geographic coordinates unavailable because input imagery is not georeferenced."
      }
    },
    {
      "type": "Feature",
      "geometry": {
        "type": "Polygon",
        "coordinates": [
          [
            [
              2140.0,
              1241.0
            ],
            [
              2124.0,
              1243.0
            ],
            [
              2073.0,
              1278.0
            ],
            [
              2045.0,
              1288.0
            ],
            [
              1994.0,
              1331.0
            ],
            [
              1875.0,
              1473.0
            ],
            [
              2120.0,
              1474.0
            ],
            [
              2133.0,
              1435.0
            ],
            [
              2141.0,
              1429.0
            ],
            [
              2142.0,
              1347.0
            ],
            [
              2119.0,
              1343.0
            ],
            [
              2142.0,
              1322.0
            ],
            [
              2140.0,
              1241.0
            ]
          ]
        ]
      },
      "properties": {
        "building_id": "tile8_image_part_004_bldg_0035",
        "source_image": "tile8_image_part_004.jpg",
        "area_pixels": 36205.5,
        "perimeter_pixels": 873.32,
        "mean_confidence": 0.8706,
        "spatial_reference_note": "Geographic coordinates unavailable because input imagery is not georeferenced."
      }
    },
    {
      "type": "Feature",
      "geometry": {
        "type": "Polygon",
        "coordinates": [
          [
            [
              129.0,
              1335.0
            ],
            [
              121.0,
              1346.0
            ],
            [
              113.0,
              1365.0
            ],
            [
              112.0,
              1380.0
            ],
            [
              120.0,
              1403.0
            ],
            [
              126.0,
              1408.0
            ],
            [
              151.0,
              1415.0
            ],
            [
              164.0,
              1422.0
            ],
            [
              176.0,
              1422.0
            ],
            [
              194.0,
              1394.0
            ],
            [
              196.0,
              1377.0
            ],
            [
              192.0,
              1373.0
            ],
            [
              161.0,
              1361.0
            ],
            [
              152.0,
              1363.0
            ],
            [
              150.0,
              1359.0
            ],
            [
              151.0,
              1350.0
            ],
            [
              148.0,
              1346.0
            ],
            [
              155.0,
              1343.0
            ],
            [
              155.0,
              1339.0
            ],
            [
              133.0,
              1334.0
            ],
            [
              129.0,
              1335.0
            ]
          ]
        ]
      },
      "properties": {
        "building_id": "tile8_image_part_004_bldg_0036",
        "source_image": "tile8_image_part_004.jpg",
        "area_pixels": 4655.5,
        "perimeter_pixels": 289.49,
        "mean_confidence": 0.7435,
        "spatial_reference_note": "Geographic coordinates unavailable because input imagery is not georeferenced."
      }
    },
    {
      "type": "Feature",
      "geometry": {
        "type": "Polygon",
        "coordinates": [
          [
            [
              652.0,
              1397.0
            ],
            [
              655.0,
              1429.0
            ],
            [
              661.0,
              1443.0
            ],
            [
              678.0,
              1458.0
            ],
            [
              726.0,
              1443.0
            ],
            [
              730.0,
              1447.0
            ],
            [
              769.0,
              1451.0
            ],
            [
              781.0,
              1458.0
            ],
            [
              788.0,
              1474.0
            ],
            [
              855.0,
              1476.0
            ],
            [
              875.0,
              1474.0
            ],
            [
              879.0,
              1462.0
            ],
            [
              895.0,
              1444.0
            ],
            [
              893.0,
              1435.0
            ],
            [
              882.0,
              1426.0
            ],
            [
              848.0,
              1424.0
            ],
            [
              801.0,
              1447.0
            ],
            [
              776.0,
              1434.0
            ],
            [
              767.0,
              1436.0
            ],
            [
              706.0,
              1394.0
            ],
            [
              683.0,
              1390.0
            ],
            [
              652.0,
              1397.0
            ]
          ]
        ]
      },
      "properties": {
        "building_id": "tile8_image_part_004_bldg_0037",
        "source_image": "tile8_image_part_004.jpg",
        "area_pixels": 9599.5,
        "perimeter_pixels": 596.81,
        "mean_confidence": 0.7201,
        "spatial_reference_note": "Geographic coordinates unavailable because input imagery is not georeferenced."
      }
    },
    {
      "type": "Feature",
      "geometry": {
        "type": "Polygon",
        "coordinates": [
          [
            [
              10.0,
              1461.0
            ],
            [
              10.0,
              1466.0
            ],
            [
              19.0,
              1475.0
            ],
            [
              72.0,
              1474.0
            ],
            [
              73.0,
              1470.0
            ],
            [
              80.0,
              1465.0
            ],
            [
              80.0,
              1458.0
            ],
            [
              75.0,
              1458.0
            ],
            [
              68.0,
              1453.0
            ],
            [
              62.0,
              1452.0
            ],
            [
              55.0,
              1456.0
            ],
            [
              32.0,
              1456.0
            ],
            [
              25.0,
              1451.0
            ],
            [
              24.0,
              1447.0
            ],
            [
              20.0,
              1445.0
            ],
            [
              13.0,
              1446.0
            ],
            [
              12.0,
              1458.0
            ],
            [
              10.0,
              1461.0
            ]
          ]
        ]
      },
      "properties": {
        "building_id": "tile8_image_part_004_bldg_0038",
        "source_image": "tile8_image_part_004.jpg",
        "area_pixels": 1371.0,
        "perimeter_pixels": 181.13,
        "mean_confidence": 0.6472,
        "spatial_reference_note": "Geographic coordinates unavailable because input imagery is not georeferenced."
      }
    },
    {
      "type": "Feature",
      "geometry": {
        "type": "Polygon",
        "coordinates": [
          [
            [
              17.0,
              166.0
            ],
            [
              19.0,
              214.0
            ],
            [
              497.0,
              503.0
            ],
            [
              269.0,
              387.0
            ],
            [
              0.0,
              335.0
            ],
            [
              0.0,
              469.0
            ],
            [
              185.0,
              523.0
            ],
            [
              104.0,
              604.0
            ],
            [
              0.0,
              560.0
            ],
            [
              45.0,
              715.0
            ],
            [
              145.0,
              734.0
            ],
            [
              249.0,
              573.0
            ],
            [
              195.0,
              749.0
            ],
            [
              290.0,
              789.0
            ],
            [
              361.0,
              681.0
            ],
            [
              394.0,
              750.0
            ],
            [
              317.0,
              849.0
            ],
            [
              526.0,
              888.0
            ],
            [
              412.0,
              915.0
            ],
            [
              331.0,
              996.0
            ],
            [
              357.0,
              1043.0
            ],
            [
              166.0,
              1222.0
            ],
            [
              0.0,
              1243.0
            ],
            [
              11.0,
              1397.0
            ],
            [
              153.0,
              1404.0
            ],
            [
              451.0,
              1259.0
            ],
            [
              540.0,
              1151.0
            ],
            [
              607.0,
              972.0
            ],
            [
              578.0,
              683.0
            ],
            [
              713.0,
              726.0
            ],
            [
              821.0,
              635.0
            ],
            [
              536.0,
              423.0
            ],
            [
              17.0,
              166.0
            ]
          ]
        ]
      },
      "properties": {
        "building_id": "tile8_image_part_005_bldg_0001",
        "source_image": "tile8_image_part_005.jpg",
        "area_pixels": 415951.5,
        "perimeter_pixels": 6157.66,
        "mean_confidence": 0.9035,
        "spatial_reference_note": "Geographic coordinates unavailable because input imagery is not georeferenced."
      }
    },
    {
      "type": "Feature",
      "geometry": {
        "type": "Polygon",
        "coordinates": [
          [
            [
              63.0,
              529.0
            ],
            [
              64.0,
              536.0
            ],
            [
              72.0,
              544.0
            ],
            [
              78.0,
              546.0
            ],
            [
              94.0,
              547.0
            ],
            [
              101.0,
              549.0
            ],
            [
              113.0,
              549.0
            ],
            [
              117.0,
              545.0
            ],
            [
              119.0,
              541.0
            ],
            [
              119.0,
              537.0
            ],
            [
              116.0,
              531.0
            ],
            [
              114.0,
              529.0
            ],
            [
              110.0,
              529.0
            ],
            [
              105.0,
              527.0
            ],
            [
              91.0,
              526.0
            ],
            [
              87.0,
              524.0
            ],
            [
              77.0,
              524.0
            ],
            [
              72.0,
              526.0
            ],
            [
              68.0,
              526.0
            ],
            [
              63.0,
              529.0
            ]
          ]
        ]
      },
      "properties": {
        "building_id": "tile8_image_part_005_bldg_0002",
        "source_image": "tile8_image_part_005.jpg",
        "area_pixels": 1069.0,
        "perimeter_pixels": 136.8,
        "mean_confidence": 0.6131,
        "spatial_reference_note": "Geographic coordinates unavailable because input imagery is not georeferenced."
      }
    },
    {
      "type": "Feature",
      "geometry": {
        "type": "Polygon",
        "coordinates": [
          [
            [
              949.0,
              782.0
            ],
            [
              947.0,
              787.0
            ],
            [
              951.0,
              798.0
            ],
            [
              961.0,
              797.0
            ],
            [
              970.0,
              813.0
            ],
            [
              967.0,
              841.0
            ],
            [
              970.0,
              856.0
            ],
            [
              975.0,
              863.0
            ],
            [
              986.0,
              872.0
            ],
            [
              1015.0,
              887.0
            ],
            [
              1033.0,
              887.0
            ],
            [
              1043.0,
              884.0
            ],
            [
              1048.0,
              873.0
            ],
            [
              1061.0,
              858.0
            ],
            [
              1061.0,
              852.0
            ],
            [
              1055.0,
              840.0
            ],
            [
              1040.0,
              822.0
            ],
            [
              1023.0,
              813.0
            ],
            [
              1009.0,
              811.0
            ],
            [
              1006.0,
              807.0
            ],
            [
              978.0,
              794.0
            ],
            [
              970.0,
              785.0
            ],
            [
              949.0,
              782.0
            ]
          ]
        ]
      },
      "properties": {
        "building_id": "tile8_image_part_005_bldg_0003",
        "source_image": "tile8_image_part_005.jpg",
        "area_pixels": 6279.0,
        "perimeter_pixels": 350.14,
        "mean_confidence": 0.735,
        "spatial_reference_note": "Geographic coordinates unavailable because input imagery is not georeferenced."
      }
    },
    {
      "type": "Feature",
      "geometry": {
        "type": "Polygon",
        "coordinates": [
          [
            [
              858.0,
              811.0
            ],
            [
              849.0,
              834.0
            ],
            [
              868.0,
              857.0
            ],
            [
              881.0,
              902.0
            ],
            [
              914.0,
              949.0
            ],
            [
              950.0,
              975.0
            ],
            [
              1122.0,
              1045.0
            ],
            [
              1141.0,
              1042.0
            ],
            [
              1169.0,
              1018.0
            ],
            [
              1221.0,
              1016.0
            ],
            [
              1234.0,
              994.0
            ],
            [
              1222.0,
              973.0
            ],
            [
              1188.0,
              963.0
            ],
            [
              1173.0,
              947.0
            ],
            [
              1129.0,
              988.0
            ],
            [
              1114.0,
              982.0
            ],
            [
              1109.0,
              969.0
            ],
            [
              1144.0,
              908.0
            ],
            [
              1130.0,
              881.0
            ],
            [
              1066.0,
              885.0
            ],
            [
              1038.0,
              928.0
            ],
            [
              1013.0,
              937.0
            ],
            [
              902.0,
              848.0
            ],
            [
              903.0,
              797.0
            ],
            [
              886.0,
              797.0
            ],
            [
              878.0,
              824.0
            ],
            [
              858.0,
              811.0
            ]
          ]
        ]
      },
      "properties": {
        "building_id": "tile8_image_part_005_bldg_0004",
        "source_image": "tile8_image_part_005.jpg",
        "area_pixels": 32833.0,
        "perimeter_pixels": 1199.44,
        "mean_confidence": 0.7826,
        "spatial_reference_note": "Geographic coordinates unavailable because input imagery is not georeferenced."
      }
    },
    {
      "type": "Feature",
      "geometry": {
        "type": "Polygon",
        "coordinates": [
          [
            [
              114.0,
              873.0
            ],
            [
              75.0,
              898.0
            ],
            [
              71.0,
              949.0
            ],
            [
              93.0,
              1042.0
            ],
            [
              89.0,
              1094.0
            ],
            [
              99.0,
              1109.0
            ],
            [
              122.0,
              1113.0
            ],
            [
              145.0,
              1095.0
            ],
            [
              163.0,
              1069.0
            ],
            [
              221.0,
              1055.0
            ],
            [
              281.0,
              1023.0
            ],
            [
              298.0,
              1006.0
            ],
            [
              215.0,
              990.0
            ],
            [
              213.0,
              950.0
            ],
            [
              176.0,
              928.0
            ],
            [
              158.0,
              886.0
            ],
            [
              147.0,
              878.0
            ],
            [
              114.0,
              873.0
            ]
          ]
        ]
      },
      "properties": {
        "building_id": "tile8_image_part_005_bldg_0005",
        "source_image": "tile8_image_part_005.jpg",
        "area_pixels": 27582.5,
        "perimeter_pixels": 759.41,
        "mean_confidence": 0.8474,
        "spatial_reference_note": "Geographic coordinates unavailable because input imagery is not georeferenced."
      }
    },
    {
      "type": "Feature",
      "geometry": {
        "type": "Polygon",
        "coordinates": [
          [
            [
              1418.0,
              975.0
            ],
            [
              1429.0,
              1001.0
            ],
            [
              1446.0,
              1003.0
            ],
            [
              1463.0,
              1017.0
            ],
            [
              1457.0,
              1022.0
            ],
            [
              1457.0,
              1042.0
            ],
            [
              1464.0,
              1051.0
            ],
            [
              1495.0,
              1069.0
            ],
            [
              1515.0,
              1073.0
            ],
            [
              1531.0,
              1069.0
            ],
            [
              1545.0,
              1047.0
            ],
            [
              1540.0,
              1026.0
            ],
            [
              1517.0,
              1001.0
            ],
            [
              1505.0,
              998.0
            ],
            [
              1496.0,
              991.0
            ],
            [
              1491.0,
              976.0
            ],
            [
              1482.0,
              964.0
            ],
            [
              1470.0,
              958.0
            ],
            [
              1446.0,
              958.0
            ],
            [
              1435.0,
              961.0
            ],
            [
              1418.0,
              975.0
            ]
          ]
        ]
      },
      "properties": {
        "building_id": "tile8_image_part_005_bldg_0006",
        "source_image": "tile8_image_part_005.jpg",
        "area_pixels": 7889.0,
        "perimeter_pixels": 386.38,
        "mean_confidence": 0.7257,
        "spatial_reference_note": "Geographic coordinates unavailable because input imagery is not georeferenced."
      }
    },
    {
      "type": "Feature",
      "geometry": {
        "type": "Polygon",
        "coordinates": [
          [
            [
              315.0,
              1002.0
            ],
            [
              315.0,
              1004.0
            ],
            [
              318.0,
              1004.0
            ],
            [
              319.0,
              1005.0
            ],
            [
              322.0,
              1005.0
            ],
            [
              323.0,
              1004.0
            ],
            [
              324.0,
              1004.0
            ],
            [
              325.0,
              1003.0
            ],
            [
              325.0,
              1000.0
            ],
            [
              318.0,
              1000.0
            ],
            [
              317.0,
              1001.0
            ],
            [
              316.0,
              1001.0
            ],
            [
              315.0,
              1002.0
            ]
          ]
        ]
      },
      "properties": {
        "building_id": "tile8_image_part_005_bldg_0007",
        "source_image": "tile8_image_part_005.jpg",
        "area_pixels": 40.5,
        "perimeter_pixels": 27.07,
        "mean_confidence": 0.5134,
        "spatial_reference_note": "Geographic coordinates unavailable because input imagery is not georeferenced."
      }
    },
    {
      "type": "Feature",
      "geometry": {
        "type": "Polygon",
        "coordinates": [
          [
            [
              1274.0,
              1069.0
            ],
            [
              1271.0,
              1086.0
            ],
            [
              1277.0,
              1102.0
            ],
            [
              1312.0,
              1112.0
            ],
            [
              1329.0,
              1130.0
            ],
            [
              1371.0,
              1133.0
            ],
            [
              1374.0,
              1161.0
            ],
            [
              1417.0,
              1203.0
            ],
            [
              1449.0,
              1208.0
            ],
            [
              1474.0,
              1190.0
            ],
            [
              1536.0,
              1184.0
            ],
            [
              1553.0,
              1171.0
            ],
            [
              1490.0,
              1126.0
            ],
            [
              1440.0,
              1104.0
            ],
            [
              1410.0,
              1073.0
            ],
            [
              1390.0,
              1072.0
            ],
            [
              1369.0,
              1088.0
            ],
            [
              1349.0,
              1082.0
            ],
            [
              1345.0,
              1076.0
            ],
            [
              1360.0,
              1063.0
            ],
            [
              1352.0,
              1045.0
            ],
            [
              1294.0,
              1047.0
            ],
            [
              1274.0,
              1069.0
            ]
          ]
        ]
      },
      "properties": {
        "building_id": "tile8_image_part_005_bldg_0008",
        "source_image": "tile8_image_part_005.jpg",
        "area_pixels": 19962.0,
        "perimeter_pixels": 749.79,
        "mean_confidence": 0.7192,
        "spatial_reference_note": "Geographic coordinates unavailable because input imagery is not georeferenced."
      }
    },
    {
      "type": "Feature",
      "geometry": {
        "type": "Polygon",
        "coordinates": [
          [
            [
              1168.0,
              1103.0
            ],
            [
              1165.0,
              1098.0
            ],
            [
              1156.0,
              1096.0
            ],
            [
              1149.0,
              1098.0
            ],
            [
              1140.0,
              1105.0
            ],
            [
              1128.0,
              1119.0
            ],
            [
              1119.0,
              1118.0
            ],
            [
              1104.0,
              1122.0
            ],
            [
              1096.0,
              1117.0
            ],
            [
              1070.0,
              1118.0
            ],
            [
              1065.0,
              1121.0
            ],
            [
              1064.0,
              1129.0
            ],
            [
              1080.0,
              1134.0
            ],
            [
              1080.0,
              1147.0
            ],
            [
              1083.0,
              1149.0
            ],
            [
              1083.0,
              1159.0
            ],
            [
              1087.0,
              1165.0
            ],
            [
              1106.0,
              1174.0
            ],
            [
              1123.0,
              1177.0
            ],
            [
              1127.0,
              1174.0
            ],
            [
              1133.0,
              1174.0
            ],
            [
              1145.0,
              1165.0
            ],
            [
              1161.0,
              1125.0
            ],
            [
              1166.0,
              1119.0
            ],
            [
              1168.0,
              1103.0
            ]
          ]
        ]
      },
      "properties": {
        "building_id": "tile8_image_part_005_bldg_0009",
        "source_image": "tile8_image_part_005.jpg",
        "area_pixels": 4621.0,
        "perimeter_pixels": 307.98,
        "mean_confidence": 0.6415,
        "spatial_reference_note": "Geographic coordinates unavailable because input imagery is not georeferenced."
      }
    },
    {
      "type": "Feature",
      "geometry": {
        "type": "Polygon",
        "coordinates": [
          [
            [
              1037.0,
              1125.0
            ],
            [
              988.0,
              1115.0
            ],
            [
              921.0,
              1187.0
            ],
            [
              880.0,
              1175.0
            ],
            [
              823.0,
              1204.0
            ],
            [
              767.0,
              1186.0
            ],
            [
              693.0,
              1211.0
            ],
            [
              524.0,
              1356.0
            ],
            [
              320.0,
              1449.0
            ],
            [
              301.0,
              1473.0
            ],
            [
              954.0,
              1474.0
            ],
            [
              966.0,
              1428.0
            ],
            [
              1022.0,
              1392.0
            ],
            [
              1069.0,
              1301.0
            ],
            [
              1061.0,
              1272.0
            ],
            [
              988.0,
              1295.0
            ],
            [
              970.0,
              1285.0
            ],
            [
              987.0,
              1261.0
            ],
            [
              1043.0,
              1243.0
            ],
            [
              1049.0,
              1220.0
            ],
            [
              946.0,
              1232.0
            ],
            [
              992.0,
              1170.0
            ],
            [
              1041.0,
              1150.0
            ],
            [
              1024.0,
              1134.0
            ],
            [
              1037.0,
              1125.0
            ]
          ]
        ]
      },
      "properties": {
        "building_id": "tile8_image_part_005_bldg_0010",
        "source_image": "tile8_image_part_005.jpg",
        "area_pixels": 140256.0,
        "perimeter_pixels": 2251.18,
        "mean_confidence": 0.8131,
        "spatial_reference_note": "Geographic coordinates unavailable because input imagery is not georeferenced."
      }
    },
    {
      "type": "Feature",
      "geometry": {
        "type": "Polygon",
        "coordinates": [
          [
            [
              1463.0,
              1288.0
            ],
            [
              1412.0,
              1230.0
            ],
            [
              1370.0,
              1223.0
            ],
            [
              1345.0,
              1196.0
            ],
            [
              1297.0,
              1194.0
            ],
            [
              1274.0,
              1160.0
            ],
            [
              1226.0,
              1154.0
            ],
            [
              1191.0,
              1195.0
            ],
            [
              1174.0,
              1285.0
            ],
            [
              1040.0,
              1466.0
            ],
            [
              1079.0,
              1476.0
            ],
            [
              1178.0,
              1466.0
            ],
            [
              1187.0,
              1415.0
            ],
            [
              1146.0,
              1370.0
            ],
            [
              1154.0,
              1354.0
            ],
            [
              1223.0,
              1360.0
            ],
            [
              1333.0,
              1417.0
            ],
            [
              1362.0,
              1388.0
            ],
            [
              1385.0,
              1395.0
            ],
            [
              1324.0,
              1448.0
            ],
            [
              1261.0,
              1449.0
            ],
            [
              1249.0,
              1474.0
            ],
            [
              1390.0,
              1469.0
            ],
            [
              1465.0,
              1328.0
            ],
            [
              1458.0,
              1307.0
            ],
            [
              1435.0,
              1304.0
            ],
            [
              1434.0,
              1284.0
            ],
            [
              1451.0,
              1301.0
            ],
            [
              1463.0,
              1288.0
            ]
          ]
        ]
      },
      "properties": {
        "building_id": "tile8_image_part_005_bldg_0011",
        "source_image": "tile8_image_part_005.jpg",
        "area_pixels": 70207.5,
        "perimeter_pixels": 1772.73,
        "mean_confidence": 0.8135,
        "spatial_reference_note": "Geographic coordinates unavailable because input imagery is not georeferenced."
      }
    },
    {
      "type": "Feature",
      "geometry": {
        "type": "Polygon",
        "coordinates": [
          [
            [
              832.0,
              1343.0
            ],
            [
              829.0,
              1343.0
            ],
            [
              824.0,
              1349.0
            ],
            [
              823.0,
              1358.0
            ],
            [
              820.0,
              1361.0
            ],
            [
              814.0,
              1361.0
            ],
            [
              813.0,
              1362.0
            ],
            [
              813.0,
              1365.0
            ],
            [
              805.0,
              1373.0
            ],
            [
              803.0,
              1378.0
            ],
            [
              803.0,
              1382.0
            ],
            [
              807.0,
              1384.0
            ],
            [
              810.0,
              1384.0
            ],
            [
              811.0,
              1383.0
            ],
            [
              817.0,
              1382.0
            ],
            [
              823.0,
              1378.0
            ],
            [
              835.0,
              1379.0
            ],
            [
              836.0,
              1372.0
            ],
            [
              832.0,
              1366.0
            ],
            [
              832.0,
              1361.0
            ],
            [
              836.0,
              1359.0
            ],
            [
              836.0,
              1353.0
            ],
            [
              833.0,
              1350.0
            ],
            [
              832.0,
              1343.0
            ]
          ]
        ]
      },
      "properties": {
        "building_id": "tile8_image_part_005_bldg_0012",
        "source_image": "tile8_image_part_005.jpg",
        "area_pixels": 701.5,
        "perimeter_pixels": 130.51,
        "mean_confidence": 0.5332,
        "spatial_reference_note": "Geographic coordinates unavailable because input imagery is not georeferenced."
      }
    },
    {
      "type": "Feature",
      "geometry": {
        "type": "Polygon",
        "coordinates": [
          [
            [
              2140.0,
              1409.0
            ],
            [
              2123.0,
              1409.0
            ],
            [
              2112.0,
              1419.0
            ],
            [
              2106.0,
              1418.0
            ],
            [
              2101.0,
              1427.0
            ],
            [
              2102.0,
              1436.0
            ],
            [
              2099.0,
              1442.0
            ],
            [
              2103.0,
              1453.0
            ],
            [
              2101.0,
              1457.0
            ],
            [
              2092.0,
              1458.0
            ],
            [
              2067.0,
              1453.0
            ],
            [
              2049.0,
              1465.0
            ],
            [
              2048.0,
              1472.0
            ],
            [
              2056.0,
              1475.0
            ],
            [
              2117.0,
              1473.0
            ],
            [
              2134.0,
              1458.0
            ],
            [
              2140.0,
              1458.0
            ],
            [
              2143.0,
              1441.0
            ],
            [
              2143.0,
              1423.0
            ],
            [
              2140.0,
              1409.0
            ]
          ]
        ]
      },
      "properties": {
        "building_id": "tile8_image_part_005_bldg_0013",
        "source_image": "tile8_image_part_005.jpg",
        "area_pixels": 3092.5,
        "perimeter_pixels": 291.27,
        "mean_confidence": 0.642,
        "spatial_reference_note": "Geographic coordinates unavailable because input imagery is not georeferenced."
      }
    },
    {
      "type": "Feature",
      "geometry": {
        "type": "Polygon",
        "coordinates": [
          [
            [
              2076.0,
              1420.0
            ],
            [
              2076.0,
              1426.0
            ],
            [
              2078.0,
              1428.0
            ],
            [
              2085.0,
              1428.0
            ],
            [
              2086.0,
              1427.0
            ],
            [
              2087.0,
              1427.0
            ],
            [
              2090.0,
              1424.0
            ],
            [
              2090.0,
              1420.0
            ],
            [
              2083.0,
              1420.0
            ],
            [
              2081.0,
              1418.0
            ],
            [
              2078.0,
              1418.0
            ],
            [
              2076.0,
              1420.0
            ]
          ]
        ]
      },
      "properties": {
        "building_id": "tile8_image_part_005_bldg_0014",
        "source_image": "tile8_image_part_005.jpg",
        "area_pixels": 111.0,
        "perimeter_pixels": 42.14,
        "mean_confidence": 0.5217,
        "spatial_reference_note": "Geographic coordinates unavailable because input imagery is not georeferenced."
      }
    },
    {
      "type": "Feature",
      "geometry": {
        "type": "Polygon",
        "coordinates": [
          [
            [
              1387.0,
              205.0
            ],
            [
              1116.0,
              0.0
            ],
            [
              873.0,
              6.0
            ],
            [
              754.0,
              70.0
            ],
            [
              612.0,
              27.0
            ],
            [
              573.0,
              71.0
            ],
            [
              608.0,
              106.0
            ],
            [
              554.0,
              110.0
            ],
            [
              495.0,
              252.0
            ],
            [
              604.0,
              322.0
            ],
            [
              565.0,
              349.0
            ],
            [
              517.0,
              334.0
            ],
            [
              502.0,
              366.0
            ],
            [
              549.0,
              400.0
            ],
            [
              617.0,
              389.0
            ],
            [
              717.0,
              434.0
            ],
            [
              774.0,
              357.0
            ],
            [
              949.0,
              354.0
            ],
            [
              999.0,
              334.0
            ],
            [
              1004.0,
              299.0
            ],
            [
              1047.0,
              345.0
            ],
            [
              1183.0,
              328.0
            ],
            [
              1370.0,
              236.0
            ],
            [
              1387.0,
              205.0
            ]
          ]
        ]
      },
      "properties": {
        "building_id": "tile8_image_part_006_bldg_0001",
        "source_image": "tile8_image_part_006.jpg",
        "area_pixels": 246924.5,
        "perimeter_pixels": 2485.55,
        "mean_confidence": 0.8818,
        "spatial_reference_note": "Geographic coordinates unavailable because input imagery is not georeferenced."
      }
    },
    {
      "type": "Feature",
      "geometry": {
        "type": "Polygon",
        "coordinates": [
          [
            [
              1560.0,
              16.0
            ],
            [
              1582.0,
              38.0
            ],
            [
              1582.0,
              66.0
            ],
            [
              1596.0,
              95.0
            ],
            [
              1616.0,
              105.0
            ],
            [
              1620.0,
              130.0
            ],
            [
              1670.0,
              134.0
            ],
            [
              1702.0,
              160.0
            ],
            [
              1704.0,
              171.0
            ],
            [
              1685.0,
              182.0
            ],
            [
              1685.0,
              209.0
            ],
            [
              1734.0,
              212.0
            ],
            [
              1759.0,
              227.0
            ],
            [
              1782.0,
              207.0
            ],
            [
              1785.0,
              173.0
            ],
            [
              1769.0,
              155.0
            ],
            [
              1780.0,
              124.0
            ],
            [
              1799.0,
              124.0
            ],
            [
              1840.0,
              169.0
            ],
            [
              1868.0,
              168.0
            ],
            [
              1878.0,
              154.0
            ],
            [
              1798.0,
              28.0
            ],
            [
              1878.0,
              45.0
            ],
            [
              1907.0,
              29.0
            ],
            [
              1911.0,
              9.0
            ],
            [
              1627.0,
              0.0
            ],
            [
              1575.0,
              5.0
            ],
            [
              1560.0,
              16.0
            ]
          ]
        ]
      },
      "properties": {
        "building_id": "tile8_image_part_006_bldg_0002",
        "source_image": "tile8_image_part_006.jpg",
        "area_pixels": 42660.0,
        "perimeter_pixels": 1254.99,
        "mean_confidence": 0.7786,
        "spatial_reference_note": "Geographic coordinates unavailable because input imagery is not georeferenced."
      }
    },
    {
      "type": "Feature",
      "geometry": {
        "type": "Polygon",
        "coordinates": [
          [
            [
              2046.0,
              10.0
            ],
            [
              2046.0,
              16.0
            ],
            [
              2047.0,
              17.0
            ],
            [
              2049.0,
              17.0
            ],
            [
              2050.0,
              18.0
            ],
            [
              2052.0,
              18.0
            ],
            [
              2056.0,
              16.0
            ],
            [
              2061.0,
              17.0
            ],
            [
              2068.0,
              25.0
            ],
            [
              2074.0,
              25.0
            ],
            [
              2076.0,
              23.0
            ],
            [
              2076.0,
              22.0
            ],
            [
              2078.0,
              20.0
            ],
            [
              2080.0,
              16.0
            ],
            [
              2080.0,
              9.0
            ],
            [
              2069.0,
              9.0
            ],
            [
              2068.0,
              8.0
            ],
            [
              2064.0,
              8.0
            ],
            [
              2063.0,
              9.0
            ],
            [
              2047.0,
              9.0
            ],
            [
              2046.0,
              10.0
            ]
          ]
        ]
      },
      "properties": {
        "building_id": "tile8_image_part_006_bldg_0003",
        "source_image": "tile8_image_part_006.jpg",
        "area_pixels": 376.0,
        "perimeter_pixels": 92.4,
        "mean_confidence": 0.5367,
        "spatial_reference_note": "Geographic coordinates unavailable because input imagery is not georeferenced."
      }
    },
    {
      "type": "Feature",
      "geometry": {
        "type": "Polygon",
        "coordinates": [
          [
            [
              1874.0,
              71.0
            ],
            [
              1871.0,
              83.0
            ],
            [
              1878.0,
              105.0
            ],
            [
              1898.0,
              123.0
            ],
            [
              1933.0,
              147.0
            ],
            [
              1967.0,
              148.0
            ],
            [
              1990.0,
              136.0
            ],
            [
              1997.0,
              126.0
            ],
            [
              2003.0,
              109.0
            ],
            [
              2003.0,
              95.0
            ],
            [
              1990.0,
              79.0
            ],
            [
              1956.0,
              56.0
            ],
            [
              1897.0,
              51.0
            ],
            [
              1888.0,
              54.0
            ],
            [
              1874.0,
              71.0
            ]
          ]
        ]
      },
      "properties": {
        "building_id": "tile8_image_part_006_bldg_0004",
        "source_image": "tile8_image_part_006.jpg",
        "area_pixels": 9405.0,
        "perimeter_pixels": 361.38,
        "mean_confidence": 0.8504,
        "spatial_reference_note": "Geographic coordinates unavailable because input imagery is not georeferenced."
      }
    },
    {
      "type": "Feature",
      "geometry": {
        "type": "Polygon",
        "coordinates": [
          [
            [
              2053.0,
              198.0
            ],
            [
              2048.0,
              202.0
            ],
            [
              2046.0,
              202.0
            ],
            [
              2044.0,
              205.0
            ],
            [
              2044.0,
              218.0
            ],
            [
              2046.0,
              221.0
            ],
            [
              2046.0,
              223.0
            ],
            [
              2047.0,
              225.0
            ],
            [
              2049.0,
              226.0
            ],
            [
              2056.0,
              226.0
            ],
            [
              2057.0,
              227.0
            ],
            [
              2063.0,
              227.0
            ],
            [
              2066.0,
              224.0
            ],
            [
              2066.0,
              221.0
            ],
            [
              2068.0,
              219.0
            ],
            [
              2068.0,
              210.0
            ],
            [
              2061.0,
              204.0
            ],
            [
              2058.0,
              198.0
            ],
            [
              2053.0,
              198.0
            ]
          ]
        ]
      },
      "properties": {
        "building_id": "tile8_image_part_006_bldg_0005",
        "source_image": "tile8_image_part_006.jpg",
        "area_pixels": 548.0,
        "perimeter_pixels": 89.5,
        "mean_confidence": 0.5454,
        "spatial_reference_note": "Geographic coordinates unavailable because input imagery is not georeferenced."
      }
    },
    {
      "type": "Feature",
      "geometry": {
        "type": "Polygon",
        "coordinates": [
          [
            [
              955.0,
              221.0
            ],
            [
              955.0,
              223.0
            ],
            [
              956.0,
              224.0
            ],
            [
              956.0,
              225.0
            ],
            [
              958.0,
              227.0
            ],
            [
              963.0,
              227.0
            ],
            [
              964.0,
              226.0
            ],
            [
              964.0,
              225.0
            ],
            [
              966.0,
              223.0
            ],
            [
              966.0,
              221.0
            ],
            [
              964.0,
              221.0
            ],
            [
              963.0,
              220.0
            ],
            [
              961.0,
              220.0
            ],
            [
              960.0,
              219.0
            ],
            [
              958.0,
              219.0
            ],
            [
              957.0,
              220.0
            ],
            [
              956.0,
              220.0
            ],
            [
              955.0,
              221.0
            ]
          ]
        ]
      },
      "properties": {
        "building_id": "tile8_image_part_006_bldg_0006",
        "source_image": "tile8_image_part_006.jpg",
        "area_pixels": 65.0,
        "perimeter_pixels": 32.14,
        "mean_confidence": 0.5164,
        "spatial_reference_note": "Geographic coordinates unavailable because input imagery is not georeferenced."
      }
    },
    {
      "type": "Feature",
      "geometry": {
        "type": "Polygon",
        "coordinates": [
          [
            [
              2078.0,
              250.0
            ],
            [
              2078.0,
              253.0
            ],
            [
              2082.0,
              260.0
            ],
            [
              2087.0,
              264.0
            ],
            [
              2095.0,
              267.0
            ],
            [
              2106.0,
              267.0
            ],
            [
              2111.0,
              261.0
            ],
            [
              2120.0,
              261.0
            ],
            [
              2124.0,
              257.0
            ],
            [
              2129.0,
              254.0
            ],
            [
              2129.0,
              248.0
            ],
            [
              2124.0,
              242.0
            ],
            [
              2112.0,
              242.0
            ],
            [
              2109.0,
              240.0
            ],
            [
              2095.0,
              240.0
            ],
            [
              2091.0,
              242.0
            ],
            [
              2088.0,
              242.0
            ],
            [
              2086.0,
              243.0
            ],
            [
              2083.0,
              247.0
            ],
            [
              2078.0,
              250.0
            ]
          ]
        ]
      },
      "properties": {
        "building_id": "tile8_image_part_006_bldg_0007",
        "source_image": "tile8_image_part_006.jpg",
        "area_pixels": 1015.0,
        "perimeter_pixels": 129.26,
        "mean_confidence": 0.5824,
        "spatial_reference_note": "Geographic coordinates unavailable because input imagery is not georeferenced."
      }
    },
    {
      "type": "Feature",
      "geometry": {
        "type": "Polygon",
        "coordinates": [
          [
            [
              1788.0,
              243.0
            ],
            [
              1788.0,
              246.0
            ],
            [
              1789.0,
              247.0
            ],
            [
              1789.0,
              249.0
            ],
            [
              1790.0,
              250.0
            ],
            [
              1790.0,
              252.0
            ],
            [
              1791.0,
              253.0
            ],
            [
              1794.0,
              253.0
            ],
            [
              1795.0,
              254.0
            ],
            [
              1802.0,
              254.0
            ],
            [
              1803.0,
              253.0
            ],
            [
              1804.0,
              253.0
            ],
            [
              1810.0,
              247.0
            ],
            [
              1810.0,
              243.0
            ],
            [
              1808.0,
              243.0
            ],
            [
              1807.0,
              242.0
            ],
            [
              1791.0,
              242.0
            ],
            [
              1790.0,
              243.0
            ],
            [
              1788.0,
              243.0
            ]
          ]
        ]
      },
      "properties": {
        "building_id": "tile8_image_part_006_bldg_0008",
        "source_image": "tile8_image_part_006.jpg",
        "area_pixels": 216.5,
        "perimeter_pixels": 60.38,
        "mean_confidence": 0.5352,
        "spatial_reference_note": "Geographic coordinates unavailable because input imagery is not georeferenced."
      }
    },
    {
      "type": "Feature",
      "geometry": {
        "type": "Polygon",
        "coordinates": [
          [
            [
              1777.0,
              267.0
            ],
            [
              1776.0,
              266.0
            ],
            [
              1774.0,
              266.0
            ],
            [
              1773.0,
              265.0
            ],
            [
              1771.0,
              265.0
            ],
            [
              1770.0,
              264.0
            ],
            [
              1770.0,
              263.0
            ],
            [
              1768.0,
              261.0
            ],
            [
              1768.0,
              260.0
            ],
            [
              1767.0,
              260.0
            ],
            [
              1766.0,
              259.0
            ],
            [
              1763.0,
              259.0
            ],
            [
              1762.0,
              260.0
            ],
            [
              1759.0,
              261.0
            ],
            [
              1752.0,
              267.0
            ],
            [
              1752.0,
              268.0
            ],
            [
              1750.0,
              271.0
            ],
            [
              1750.0,
              275.0
            ],
            [
              1754.0,
              280.0
            ],
            [
              1761.0,
              280.0
            ],
            [
              1762.0,
              279.0
            ],
            [
              1765.0,
              278.0
            ],
            [
              1770.0,
              272.0
            ],
            [
              1772.0,
              272.0
            ],
            [
              1773.0,
              271.0
            ],
            [
              1775.0,
              271.0
            ],
            [
              1777.0,
              269.0
            ],
            [
              1777.0,
              267.0
            ]
          ]
        ]
      },
      "properties": {
        "building_id": "tile8_image_part_006_bldg_0009",
        "source_image": "tile8_image_part_006.jpg",
        "area_pixels": 350.5,
        "perimeter_pixels": 76.92,
        "mean_confidence": 0.5366,
        "spatial_reference_note": "Geographic coordinates unavailable because input imagery is not georeferenced."
      }
    },
    {
      "type": "Feature",
      "geometry": {
        "type": "Polygon",
        "coordinates": [
          [
            [
              2124.0,
              287.0
            ],
            [
              2123.0,
              288.0
            ],
            [
              2123.0,
              289.0
            ],
            [
              2122.0,
              290.0
            ],
            [
              2122.0,
              293.0
            ],
            [
              2123.0,
              294.0
            ],
            [
              2123.0,
              296.0
            ],
            [
              2129.0,
              296.0
            ],
            [
              2130.0,
              295.0
            ],
            [
              2130.0,
              289.0
            ],
            [
              2128.0,
              287.0
            ],
            [
              2124.0,
              287.0
            ]
          ]
        ]
      },
      "properties": {
        "building_id": "tile8_image_part_006_bldg_0010",
        "source_image": "tile8_image_part_006.jpg",
        "area_pixels": 64.0,
        "perimeter_pixels": 30.49,
        "mean_confidence": 0.5154,
        "spatial_reference_note": "Geographic coordinates unavailable because input imagery is not georeferenced."
      }
    },
    {
      "type": "Feature",
      "geometry": {
        "type": "Polygon",
        "coordinates": [
          [
            [
              1211.0,
              343.0
            ],
            [
              1205.0,
              338.0
            ],
            [
              1194.0,
              338.0
            ],
            [
              1191.0,
              335.0
            ],
            [
              1186.0,
              334.0
            ],
            [
              1182.0,
              335.0
            ],
            [
              1176.0,
              341.0
            ],
            [
              1170.0,
              344.0
            ],
            [
              1144.0,
              352.0
            ],
            [
              1138.0,
              357.0
            ],
            [
              1127.0,
              358.0
            ],
            [
              1116.0,
              363.0
            ],
            [
              1115.0,
              366.0
            ],
            [
              1116.0,
              368.0
            ],
            [
              1126.0,
              370.0
            ],
            [
              1148.0,
              380.0
            ],
            [
              1156.0,
              380.0
            ],
            [
              1160.0,
              377.0
            ],
            [
              1168.0,
              378.0
            ],
            [
              1171.0,
              376.0
            ],
            [
              1178.0,
              376.0
            ],
            [
              1185.0,
              373.0
            ],
            [
              1189.0,
              369.0
            ],
            [
              1194.0,
              369.0
            ],
            [
              1195.0,
              364.0
            ],
            [
              1199.0,
              358.0
            ],
            [
              1206.0,
              353.0
            ],
            [
              1211.0,
              343.0
            ]
          ]
        ]
      },
      "properties": {
        "building_id": "tile8_image_part_006_bldg_0011",
        "source_image": "tile8_image_part_006.jpg",
        "area_pixels": 2332.0,
        "perimeter_pixels": 227.41,
        "mean_confidence": 0.5997,
        "spatial_reference_note": "Geographic coordinates unavailable because input imagery is not georeferenced."
      }
    },
    {
      "type": "Feature",
      "geometry": {
        "type": "Polygon",
        "coordinates": [
          [
            [
              416.0,
              439.0
            ],
            [
              410.0,
              448.0
            ],
            [
              409.0,
              464.0
            ],
            [
              412.0,
              469.0
            ],
            [
              407.0,
              470.0
            ],
            [
              407.0,
              485.0
            ],
            [
              440.0,
              497.0
            ],
            [
              451.0,
              508.0
            ],
            [
              462.0,
              510.0
            ],
            [
              466.0,
              514.0
            ],
            [
              474.0,
              513.0
            ],
            [
              478.0,
              517.0
            ],
            [
              500.0,
              523.0
            ],
            [
              525.0,
              517.0
            ],
            [
              525.0,
              503.0
            ],
            [
              512.0,
              495.0
            ],
            [
              500.0,
              493.0
            ],
            [
              493.0,
              487.0
            ],
            [
              494.0,
              476.0
            ],
            [
              513.0,
              472.0
            ],
            [
              515.0,
              464.0
            ],
            [
              495.0,
              448.0
            ],
            [
              486.0,
              434.0
            ],
            [
              472.0,
              427.0
            ],
            [
              456.0,
              425.0
            ],
            [
              427.0,
              430.0
            ],
            [
              416.0,
              439.0
            ]
          ]
        ]
      },
      "properties": {
        "building_id": "tile8_image_part_006_bldg_0012",
        "source_image": "tile8_image_part_006.jpg",
        "area_pixels": 7390.0,
        "perimeter_pixels": 389.55,
        "mean_confidence": 0.685,
        "spatial_reference_note": "Geographic coordinates unavailable because input imagery is not georeferenced."
      }
    },
    {
      "type": "Feature",
      "geometry": {
        "type": "Polygon",
        "coordinates": [
          [
            [
              563.0,
              473.0
            ],
            [
              535.0,
              515.0
            ],
            [
              568.0,
              518.0
            ],
            [
              639.0,
              553.0
            ],
            [
              647.0,
              541.0
            ],
            [
              660.0,
              571.0
            ],
            [
              697.0,
              579.0
            ],
            [
              711.0,
              595.0
            ],
            [
              662.0,
              616.0
            ],
            [
              646.0,
              588.0
            ],
            [
              540.0,
              573.0
            ],
            [
              520.0,
              591.0
            ],
            [
              521.0,
              607.0
            ],
            [
              579.0,
              637.0
            ],
            [
              626.0,
              638.0
            ],
            [
              720.0,
              724.0
            ],
            [
              780.0,
              719.0
            ],
            [
              784.0,
              680.0
            ],
            [
              809.0,
              653.0
            ],
            [
              797.0,
              618.0
            ],
            [
              750.0,
              598.0
            ],
            [
              798.0,
              604.0
            ],
            [
              888.0,
              579.0
            ],
            [
              889.0,
              555.0
            ],
            [
              859.0,
              542.0
            ],
            [
              841.0,
              514.0
            ],
            [
              809.0,
              514.0
            ],
            [
              789.0,
              532.0
            ],
            [
              753.0,
              494.0
            ],
            [
              631.0,
              464.0
            ],
            [
              563.0,
              473.0
            ]
          ]
        ]
      },
      "properties": {
        "building_id": "tile8_image_part_006_bldg_0013",
        "source_image": "tile8_image_part_006.jpg",
        "area_pixels": 48074.5,
        "perimeter_pixels": 1505.83,
        "mean_confidence": 0.797,
        "spatial_reference_note": "Geographic coordinates unavailable because input imagery is not georeferenced."
      }
    },
    {
      "type": "Feature",
      "geometry": {
        "type": "Polygon",
        "coordinates": [
          [
            [
              955.0,
              504.0
            ],
            [
              947.0,
              509.0
            ],
            [
              930.0,
              533.0
            ],
            [
              924.0,
              545.0
            ],
            [
              927.0,
              560.0
            ],
            [
              941.0,
              586.0
            ],
            [
              948.0,
              594.0
            ],
            [
              954.0,
              596.0
            ],
            [
              957.0,
              611.0
            ],
            [
              960.0,
              614.0
            ],
            [
              968.0,
              616.0
            ],
            [
              998.0,
              614.0
            ],
            [
              1001.0,
              592.0
            ],
            [
              1021.0,
              576.0
            ],
            [
              1014.0,
              564.0
            ],
            [
              1015.0,
              556.0
            ],
            [
              1006.0,
              545.0
            ],
            [
              1010.0,
              527.0
            ],
            [
              998.0,
              515.0
            ],
            [
              971.0,
              506.0
            ],
            [
              955.0,
              504.0
            ]
          ]
        ]
      },
      "properties": {
        "building_id": "tile8_image_part_006_bldg_0014",
        "source_image": "tile8_image_part_006.jpg",
        "area_pixels": 7387.5,
        "perimeter_pixels": 335.87,
        "mean_confidence": 0.7238,
        "spatial_reference_note": "Geographic coordinates unavailable because input imagery is not georeferenced."
      }
    },
    {
      "type": "Feature",
      "geometry": {
        "type": "Polygon",
        "coordinates": [
          [
            [
              491.0,
              553.0
            ],
            [
              483.0,
              552.0
            ],
            [
              480.0,
              543.0
            ],
            [
              468.0,
              539.0
            ],
            [
              458.0,
              527.0
            ],
            [
              430.0,
              532.0
            ],
            [
              388.0,
              525.0
            ],
            [
              366.0,
              528.0
            ],
            [
              344.0,
              564.0
            ],
            [
              337.0,
              590.0
            ],
            [
              297.0,
              637.0
            ],
            [
              293.0,
              660.0
            ],
            [
              300.0,
              670.0
            ],
            [
              320.0,
              678.0
            ],
            [
              365.0,
              687.0
            ],
            [
              388.0,
              684.0
            ],
            [
              385.0,
              669.0
            ],
            [
              392.0,
              658.0
            ],
            [
              392.0,
              637.0
            ],
            [
              384.0,
              626.0
            ],
            [
              397.0,
              607.0
            ],
            [
              422.0,
              585.0
            ],
            [
              444.0,
              574.0
            ],
            [
              451.0,
              576.0
            ],
            [
              455.0,
              560.0
            ],
            [
              462.0,
              564.0
            ],
            [
              459.0,
              580.0
            ],
            [
              468.0,
              591.0
            ],
            [
              466.0,
              600.0
            ],
            [
              479.0,
              607.0
            ],
            [
              495.0,
              580.0
            ],
            [
              491.0,
              553.0
            ]
          ]
        ]
      },
      "properties": {
        "building_id": "tile8_image_part_006_bldg_0015",
        "source_image": "tile8_image_part_006.jpg",
        "area_pixels": 15834.0,
        "perimeter_pixels": 684.9,
        "mean_confidence": 0.7607,
        "spatial_reference_note": "Geographic coordinates unavailable because input imagery is not georeferenced."
      }
    },
    {
      "type": "Feature",
      "geometry": {
        "type": "Polygon",
        "coordinates": [
          [
            [
              1351.0,
              556.0
            ],
            [
              1344.0,
              556.0
            ],
            [
              1341.0,
              554.0
            ],
            [
              1337.0,
              554.0
            ],
            [
              1332.0,
              556.0
            ],
            [
              1327.0,
              560.0
            ],
            [
              1323.0,
              560.0
            ],
            [
              1321.0,
              557.0
            ],
            [
              1315.0,
              556.0
            ],
            [
              1310.0,
              559.0
            ],
            [
              1301.0,
              561.0
            ],
            [
              1299.0,
              564.0
            ],
            [
              1299.0,
              568.0
            ],
            [
              1301.0,
              573.0
            ],
            [
              1305.0,
              576.0
            ],
            [
              1306.0,
              583.0
            ],
            [
              1312.0,
              584.0
            ],
            [
              1319.0,
              591.0
            ],
            [
              1323.0,
              591.0
            ],
            [
              1329.0,
              595.0
            ],
            [
              1335.0,
              595.0
            ],
            [
              1338.0,
              592.0
            ],
            [
              1338.0,
              588.0
            ],
            [
              1342.0,
              584.0
            ],
            [
              1343.0,
              579.0
            ],
            [
              1341.0,
              577.0
            ],
            [
              1342.0,
              573.0
            ],
            [
              1351.0,
              564.0
            ],
            [
              1351.0,
              556.0
            ]
          ]
        ]
      },
      "properties": {
        "building_id": "tile8_image_part_006_bldg_0016",
        "source_image": "tile8_image_part_006.jpg",
        "area_pixels": 1379.0,
        "perimeter_pixels": 160.07,
        "mean_confidence": 0.5569,
        "spatial_reference_note": "Geographic coordinates unavailable because input imagery is not georeferenced."
      }
    },
    {
      "type": "Feature",
      "geometry": {
        "type": "Polygon",
        "coordinates": [
          [
            [
              1083.0,
              612.0
            ],
            [
              1096.0,
              629.0
            ],
            [
              1095.0,
              656.0
            ],
            [
              1118.0,
              668.0
            ],
            [
              1116.0,
              691.0
            ],
            [
              1183.0,
              714.0
            ],
            [
              1228.0,
              712.0
            ],
            [
              1251.0,
              704.0
            ],
            [
              1272.0,
              720.0
            ],
            [
              1314.0,
              720.0
            ],
            [
              1346.0,
              694.0
            ],
            [
              1357.0,
              676.0
            ],
            [
              1317.0,
              629.0
            ],
            [
              1284.0,
              619.0
            ],
            [
              1264.0,
              580.0
            ],
            [
              1250.0,
              573.0
            ],
            [
              1203.0,
              578.0
            ],
            [
              1134.0,
              601.0
            ],
            [
              1091.0,
              605.0
            ],
            [
              1083.0,
              612.0
            ]
          ]
        ]
      },
      "properties": {
        "building_id": "tile8_image_part_006_bldg_0017",
        "source_image": "tile8_image_part_006.jpg",
        "area_pixels": 26804.5,
        "perimeter_pixels": 697.9,
        "mean_confidence": 0.8667,
        "spatial_reference_note": "Geographic coordinates unavailable because input imagery is not georeferenced."
      }
    },
    {
      "type": "Feature",
      "geometry": {
        "type": "Polygon",
        "coordinates": [
          [
            [
              2040.0,
              581.0
            ],
            [
              2024.0,
              590.0
            ],
            [
              2017.0,
              598.0
            ],
            [
              2017.0,
              613.0
            ],
            [
              2036.0,
              639.0
            ],
            [
              2044.0,
              657.0
            ],
            [
              2056.0,
              670.0
            ],
            [
              2078.0,
              673.0
            ],
            [
              2117.0,
              638.0
            ],
            [
              2119.0,
              631.0
            ],
            [
              2118.0,
              620.0
            ],
            [
              2110.0,
              614.0
            ],
            [
              2099.0,
              593.0
            ],
            [
              2094.0,
              588.0
            ],
            [
              2078.0,
              584.0
            ],
            [
              2068.0,
              578.0
            ],
            [
              2040.0,
              581.0
            ]
          ]
        ]
      },
      "properties": {
        "building_id": "tile8_image_part_006_bldg_0018",
        "source_image": "tile8_image_part_006.jpg",
        "area_pixels": 6556.0,
        "perimeter_pixels": 303.6,
        "mean_confidence": 0.7792,
        "spatial_reference_note": "Geographic coordinates unavailable because input imagery is not georeferenced."
      }
    },
    {
      "type": "Feature",
      "geometry": {
        "type": "Polygon",
        "coordinates": [
          [
            [
              1719.0,
              587.0
            ],
            [
              1719.0,
              589.0
            ],
            [
              1718.0,
              590.0
            ],
            [
              1718.0,
              594.0
            ],
            [
              1717.0,
              595.0
            ],
            [
              1717.0,
              597.0
            ],
            [
              1716.0,
              598.0
            ],
            [
              1716.0,
              600.0
            ],
            [
              1719.0,
              603.0
            ],
            [
              1721.0,
              603.0
            ],
            [
              1721.0,
              600.0
            ],
            [
              1722.0,
              599.0
            ],
            [
              1722.0,
              597.0
            ],
            [
              1723.0,
              596.0
            ],
            [
              1723.0,
              590.0
            ],
            [
              1722.0,
              589.0
            ],
            [
              1722.0,
              588.0
            ],
            [
              1721.0,
              587.0
            ],
            [
              1719.0,
              587.0
            ]
          ]
        ]
      },
      "properties": {
        "building_id": "tile8_image_part_006_bldg_0019",
        "source_image": "tile8_image_part_006.jpg",
        "area_pixels": 74.0,
        "perimeter_pixels": 40.14,
        "mean_confidence": 0.5199,
        "spatial_reference_note": "Geographic coordinates unavailable because input imagery is not georeferenced."
      }
    },
    {
      "type": "Feature",
      "geometry": {
        "type": "Polygon",
        "coordinates": [
          [
            [
              982.0,
              652.0
            ],
            [
              976.0,
              652.0
            ],
            [
              972.0,
              650.0
            ],
            [
              969.0,
              650.0
            ],
            [
              963.0,
              653.0
            ],
            [
              954.0,
              654.0
            ],
            [
              951.0,
              657.0
            ],
            [
              948.0,
              667.0
            ],
            [
              949.0,
              684.0
            ],
            [
              958.0,
              693.0
            ],
            [
              971.0,
              692.0
            ],
            [
              982.0,
              689.0
            ],
            [
              987.0,
              686.0
            ],
            [
              992.0,
              681.0
            ],
            [
              994.0,
              671.0
            ],
            [
              992.0,
              669.0
            ],
            [
              992.0,
              666.0
            ],
            [
              989.0,
              660.0
            ],
            [
              982.0,
              652.0
            ]
          ]
        ]
      },
      "properties": {
        "building_id": "tile8_image_part_006_bldg_0020",
        "source_image": "tile8_image_part_006.jpg",
        "area_pixels": 1547.0,
        "perimeter_pixels": 144.38,
        "mean_confidence": 0.6425,
        "spatial_reference_note": "Geographic coordinates unavailable because input imagery is not georeferenced."
      }
    },
    {
      "type": "Feature",
      "geometry": {
        "type": "Polygon",
        "coordinates": [
          [
            [
              551.0,
              685.0
            ],
            [
              548.0,
              679.0
            ],
            [
              534.0,
              672.0
            ],
            [
              529.0,
              666.0
            ],
            [
              514.0,
              660.0
            ],
            [
              500.0,
              658.0
            ],
            [
              488.0,
              660.0
            ],
            [
              474.0,
              668.0
            ],
            [
              456.0,
              686.0
            ],
            [
              440.0,
              679.0
            ],
            [
              429.0,
              678.0
            ],
            [
              418.0,
              684.0
            ],
            [
              410.0,
              683.0
            ],
            [
              408.0,
              695.0
            ],
            [
              410.0,
              699.0
            ],
            [
              422.0,
              706.0
            ],
            [
              429.0,
              707.0
            ],
            [
              446.0,
              717.0
            ],
            [
              473.0,
              717.0
            ],
            [
              505.0,
              708.0
            ],
            [
              533.0,
              688.0
            ],
            [
              544.0,
              689.0
            ],
            [
              550.0,
              688.0
            ],
            [
              551.0,
              685.0
            ]
          ]
        ]
      },
      "properties": {
        "building_id": "tile8_image_part_006_bldg_0021",
        "source_image": "tile8_image_part_006.jpg",
        "area_pixels": 4838.0,
        "perimeter_pixels": 335.58,
        "mean_confidence": 0.6731,
        "spatial_reference_note": "Geographic coordinates unavailable because input imagery is not georeferenced."
      }
    },
    {
      "type": "Feature",
      "geometry": {
        "type": "Polygon",
        "coordinates": [
          [
            [
              1587.0,
              705.0
            ],
            [
              1564.0,
              707.0
            ],
            [
              1535.0,
              727.0
            ],
            [
              1483.0,
              801.0
            ],
            [
              1494.0,
              837.0
            ],
            [
              1457.0,
              846.0
            ],
            [
              1443.0,
              873.0
            ],
            [
              1436.0,
              911.0
            ],
            [
              1424.0,
              922.0
            ],
            [
              1426.0,
              939.0
            ],
            [
              1440.0,
              958.0
            ],
            [
              1474.0,
              945.0
            ],
            [
              1507.0,
              899.0
            ],
            [
              1512.0,
              879.0
            ],
            [
              1500.0,
              838.0
            ],
            [
              1535.0,
              839.0
            ],
            [
              1588.0,
              814.0
            ],
            [
              1642.0,
              833.0
            ],
            [
              1658.0,
              857.0
            ],
            [
              1670.0,
              854.0
            ],
            [
              1672.0,
              841.0
            ],
            [
              1659.0,
              834.0
            ],
            [
              1656.0,
              798.0
            ],
            [
              1646.0,
              788.0
            ],
            [
              1609.0,
              781.0
            ],
            [
              1626.0,
              751.0
            ],
            [
              1587.0,
              705.0
            ]
          ]
        ]
      },
      "properties": {
        "building_id": "tile8_image_part_006_bldg_0022",
        "source_image": "tile8_image_part_006.jpg",
        "area_pixels": 21339.5,
        "perimeter_pixels": 909.58,
        "mean_confidence": 0.8203,
        "spatial_reference_note": "Geographic coordinates unavailable because input imagery is not georeferenced."
      }
    },
    {
      "type": "Feature",
      "geometry": {
        "type": "Polygon",
        "coordinates": [
          [
            [
              1001.0,
              748.0
            ],
            [
              984.0,
              771.0
            ],
            [
              988.0,
              788.0
            ],
            [
              976.0,
              818.0
            ],
            [
              987.0,
              837.0
            ],
            [
              986.0,
              853.0
            ],
            [
              1004.0,
              863.0
            ],
            [
              1021.0,
              864.0
            ],
            [
              1018.0,
              884.0
            ],
            [
              1031.0,
              903.0
            ],
            [
              1031.0,
              937.0
            ],
            [
              1054.0,
              945.0
            ],
            [
              1068.0,
              958.0
            ],
            [
              1083.0,
              958.0
            ],
            [
              1105.0,
              919.0
            ],
            [
              1105.0,
              903.0
            ],
            [
              1116.0,
              896.0
            ],
            [
              1121.0,
              879.0
            ],
            [
              1114.0,
              869.0
            ],
            [
              1083.0,
              863.0
            ],
            [
              1077.0,
              856.0
            ],
            [
              1125.0,
              844.0
            ],
            [
              1137.0,
              820.0
            ],
            [
              1150.0,
              808.0
            ],
            [
              1156.0,
              810.0
            ],
            [
              1159.0,
              780.0
            ],
            [
              1137.0,
              756.0
            ],
            [
              1107.0,
              742.0
            ],
            [
              1079.0,
              739.0
            ],
            [
              1049.0,
              749.0
            ],
            [
              1001.0,
              748.0
            ]
          ]
        ]
      },
      "properties": {
        "building_id": "tile8_image_part_006_bldg_0023",
        "source_image": "tile8_image_part_006.jpg",
        "area_pixels": 24394.0,
        "perimeter_pixels": 738.15,
        "mean_confidence": 0.7858,
        "spatial_reference_note": "Geographic coordinates unavailable because input imagery is not georeferenced."
      }
    },
    {
      "type": "Feature",
      "geometry": {
        "type": "Polygon",
        "coordinates": [
          [
            [
              1366.0,
              813.0
            ],
            [
              1362.0,
              817.0
            ],
            [
              1365.0,
              833.0
            ],
            [
              1380.0,
              856.0
            ],
            [
              1381.0,
              863.0
            ],
            [
              1378.0,
              880.0
            ],
            [
              1364.0,
              892.0
            ],
            [
              1362.0,
              903.0
            ],
            [
              1370.0,
              909.0
            ],
            [
              1373.0,
              916.0
            ],
            [
              1378.0,
              920.0
            ],
            [
              1395.0,
              925.0
            ],
            [
              1409.0,
              914.0
            ],
            [
              1414.0,
              904.0
            ],
            [
              1415.0,
              892.0
            ],
            [
              1412.0,
              872.0
            ],
            [
              1422.0,
              837.0
            ],
            [
              1408.0,
              825.0
            ],
            [
              1393.0,
              818.0
            ],
            [
              1383.0,
              819.0
            ],
            [
              1379.0,
              815.0
            ],
            [
              1366.0,
              813.0
            ]
          ]
        ]
      },
      "properties": {
        "building_id": "tile8_image_part_006_bldg_0024",
        "source_image": "tile8_image_part_006.jpg",
        "area_pixels": 4410.0,
        "perimeter_pixels": 306.59,
        "mean_confidence": 0.6148,
        "spatial_reference_note": "Geographic coordinates unavailable because input imagery is not georeferenced."
      }
    },
    {
      "type": "Feature",
      "geometry": {
        "type": "Polygon",
        "coordinates": [
          [
            [
              1708.0,
              842.0
            ],
            [
              1678.0,
              887.0
            ],
            [
              1666.0,
              894.0
            ],
            [
              1654.0,
              892.0
            ],
            [
              1628.0,
              909.0
            ],
            [
              1634.0,
              916.0
            ],
            [
              1653.0,
              917.0
            ],
            [
              1673.0,
              939.0
            ],
            [
              1698.0,
              994.0
            ],
            [
              1731.0,
              1034.0
            ],
            [
              1755.0,
              1034.0
            ],
            [
              1767.0,
              1028.0
            ],
            [
              1797.0,
              994.0
            ],
            [
              1783.0,
              969.0
            ],
            [
              1787.0,
              951.0
            ],
            [
              1784.0,
              927.0
            ],
            [
              1774.0,
              919.0
            ],
            [
              1769.0,
              893.0
            ],
            [
              1756.0,
              880.0
            ],
            [
              1738.0,
              874.0
            ],
            [
              1725.0,
              875.0
            ],
            [
              1708.0,
              842.0
            ]
          ]
        ]
      },
      "properties": {
        "building_id": "tile8_image_part_006_bldg_0025",
        "source_image": "tile8_image_part_006.jpg",
        "area_pixels": 16089.5,
        "perimeter_pixels": 562.29,
        "mean_confidence": 0.8395,
        "spatial_reference_note": "Geographic coordinates unavailable because input imagery is not georeferenced."
      }
    },
    {
      "type": "Feature",
      "geometry": {
        "type": "Polygon",
        "coordinates": [
          [
            [
              275.0,
              858.0
            ],
            [
              263.0,
              853.0
            ],
            [
              254.0,
              857.0
            ],
            [
              249.0,
              857.0
            ],
            [
              228.0,
              868.0
            ],
            [
              218.0,
              881.0
            ],
            [
              216.0,
              888.0
            ],
            [
              207.0,
              902.0
            ],
            [
              207.0,
              907.0
            ],
            [
              212.0,
              918.0
            ],
            [
              221.0,
              926.0
            ],
            [
              227.0,
              926.0
            ],
            [
              241.0,
              932.0
            ],
            [
              248.0,
              932.0
            ],
            [
              260.0,
              928.0
            ],
            [
              267.0,
              920.0
            ],
            [
              270.0,
              910.0
            ],
            [
              282.0,
              899.0
            ],
            [
              282.0,
              869.0
            ],
            [
              275.0,
              858.0
            ]
          ]
        ]
      },
      "properties": {
        "building_id": "tile8_image_part_006_bldg_0026",
        "source_image": "tile8_image_part_006.jpg",
        "area_pixels": 4201.5,
        "perimeter_pixels": 242.27,
        "mean_confidence": 0.7579,
        "spatial_reference_note": "Geographic coordinates unavailable because input imagery is not georeferenced."
      }
    },
    {
      "type": "Feature",
      "geometry": {
        "type": "Polygon",
        "coordinates": [
          [
            [
              540.0,
              860.0
            ],
            [
              535.0,
              857.0
            ],
            [
              533.0,
              857.0
            ],
            [
              525.0,
              862.0
            ],
            [
              520.0,
              862.0
            ],
            [
              513.0,
              865.0
            ],
            [
              505.0,
              873.0
            ],
            [
              504.0,
              881.0
            ],
            [
              507.0,
              885.0
            ],
            [
              507.0,
              889.0
            ],
            [
              510.0,
              892.0
            ],
            [
              510.0,
              896.0
            ],
            [
              514.0,
              898.0
            ],
            [
              523.0,
              898.0
            ],
            [
              526.0,
              896.0
            ],
            [
              528.0,
              896.0
            ],
            [
              536.0,
              892.0
            ],
            [
              539.0,
              888.0
            ],
            [
              539.0,
              884.0
            ],
            [
              547.0,
              879.0
            ],
            [
              548.0,
              877.0
            ],
            [
              548.0,
              869.0
            ],
            [
              540.0,
              860.0
            ]
          ]
        ]
      },
      "properties": {
        "building_id": "tile8_image_part_006_bldg_0027",
        "source_image": "tile8_image_part_006.jpg",
        "area_pixels": 1243.5,
        "perimeter_pixels": 135.23,
        "mean_confidence": 0.601,
        "spatial_reference_note": "Geographic coordinates unavailable because input imagery is not georeferenced."
      }
    },
    {
      "type": "Feature",
      "geometry": {
        "type": "Polygon",
        "coordinates": [
          [
            [
              873.0,
              943.0
            ],
            [
              864.0,
              882.0
            ],
            [
              841.0,
              862.0
            ],
            [
              788.0,
              874.0
            ],
            [
              728.0,
              868.0
            ],
            [
              678.0,
              876.0
            ],
            [
              624.0,
              901.0
            ],
            [
              601.0,
              920.0
            ],
            [
              584.0,
              918.0
            ],
            [
              577.0,
              923.0
            ],
            [
              586.0,
              931.0
            ],
            [
              586.0,
              946.0
            ],
            [
              618.0,
              951.0
            ],
            [
              650.0,
              989.0
            ],
            [
              672.0,
              995.0
            ],
            [
              745.0,
              981.0
            ],
            [
              785.0,
              962.0
            ],
            [
              850.0,
              958.0
            ],
            [
              873.0,
              943.0
            ]
          ]
        ]
      },
      "properties": {
        "building_id": "tile8_image_part_006_bldg_0028",
        "source_image": "tile8_image_part_006.jpg",
        "area_pixels": 25685.0,
        "perimeter_pixels": 715.58,
        "mean_confidence": 0.8466,
        "spatial_reference_note": "Geographic coordinates unavailable because input imagery is not georeferenced."
      }
    },
    {
      "type": "Feature",
      "geometry": {
        "type": "Polygon",
        "coordinates": [
          [
            [
              206.0,
              1010.0
            ],
            [
              205.0,
              1028.0
            ],
            [
              208.0,
              1034.0
            ],
            [
              242.0,
              1057.0
            ],
            [
              269.0,
              1061.0
            ],
            [
              275.0,
              1058.0
            ],
            [
              286.0,
              1059.0
            ],
            [
              293.0,
              1057.0
            ],
            [
              294.0,
              1054.0
            ],
            [
              300.0,
              1054.0
            ],
            [
              318.0,
              1042.0
            ],
            [
              320.0,
              1024.0
            ],
            [
              316.0,
              1013.0
            ],
            [
              305.0,
              999.0
            ],
            [
              297.0,
              1002.0
            ],
            [
              287.0,
              992.0
            ],
            [
              276.0,
              987.0
            ],
            [
              264.0,
              985.0
            ],
            [
              254.0,
              988.0
            ],
            [
              244.0,
              995.0
            ],
            [
              236.0,
              993.0
            ],
            [
              215.0,
              1006.0
            ],
            [
              209.0,
              1006.0
            ],
            [
              206.0,
              1010.0
            ]
          ]
        ]
      },
      "properties": {
        "building_id": "tile8_image_part_006_bldg_0029",
        "source_image": "tile8_image_part_006.jpg",
        "area_pixels": 6318.0,
        "perimeter_pixels": 310.05,
        "mean_confidence": 0.6986,
        "spatial_reference_note": "Geographic coordinates unavailable because input imagery is not georeferenced."
      }
    },
    {
      "type": "Feature",
      "geometry": {
        "type": "Polygon",
        "coordinates": [
          [
            [
              864.0,
              996.0
            ],
            [
              805.0,
              1009.0
            ],
            [
              775.0,
              1002.0
            ],
            [
              717.0,
              1007.0
            ],
            [
              674.0,
              1026.0
            ],
            [
              646.0,
              1051.0
            ],
            [
              643.0,
              1063.0
            ],
            [
              619.0,
              1070.0
            ],
            [
              627.0,
              1081.0
            ],
            [
              646.0,
              1070.0
            ],
            [
              663.0,
              1071.0
            ],
            [
              689.0,
              1096.0
            ],
            [
              696.0,
              1111.0
            ],
            [
              686.0,
              1148.0
            ],
            [
              690.0,
              1178.0
            ],
            [
              704.0,
              1208.0
            ],
            [
              727.0,
              1231.0
            ],
            [
              733.0,
              1255.0
            ],
            [
              759.0,
              1262.0
            ],
            [
              791.0,
              1246.0
            ],
            [
              821.0,
              1254.0
            ],
            [
              864.0,
              1247.0
            ],
            [
              865.0,
              1227.0
            ],
            [
              854.0,
              1212.0
            ],
            [
              870.0,
              1187.0
            ],
            [
              864.0,
              1154.0
            ],
            [
              848.0,
              1138.0
            ],
            [
              817.0,
              1135.0
            ],
            [
              854.0,
              1111.0
            ],
            [
              868.0,
              1090.0
            ],
            [
              864.0,
              1054.0
            ],
            [
              875.0,
              1007.0
            ],
            [
              864.0,
              996.0
            ]
          ]
        ]
      },
      "properties": {
        "building_id": "tile8_image_part_006_bldg_0030",
        "source_image": "tile8_image_part_006.jpg",
        "area_pixels": 43103.5,
        "perimeter_pixels": 997.85,
        "mean_confidence": 0.8061,
        "spatial_reference_note": "Geographic coordinates unavailable because input imagery is not georeferenced."
      }
    },
    {
      "type": "Feature",
      "geometry": {
        "type": "Polygon",
        "coordinates": [
          [
            [
              1110.0,
              1038.0
            ],
            [
              1100.0,
              1033.0
            ],
            [
              1080.0,
              1029.0
            ],
            [
              1051.0,
              1031.0
            ],
            [
              1049.0,
              1035.0
            ],
            [
              1050.0,
              1049.0
            ],
            [
              1039.0,
              1065.0
            ],
            [
              1024.0,
              1063.0
            ],
            [
              1015.0,
              1064.0
            ],
            [
              1009.0,
              1068.0
            ],
            [
              1004.0,
              1076.0
            ],
            [
              1003.0,
              1085.0
            ],
            [
              998.0,
              1089.0
            ],
            [
              997.0,
              1097.0
            ],
            [
              1014.0,
              1100.0
            ],
            [
              1021.0,
              1097.0
            ],
            [
              1045.0,
              1098.0
            ],
            [
              1086.0,
              1093.0
            ],
            [
              1105.0,
              1096.0
            ],
            [
              1114.0,
              1086.0
            ],
            [
              1110.0,
              1074.0
            ],
            [
              1114.0,
              1048.0
            ],
            [
              1111.0,
              1046.0
            ],
            [
              1110.0,
              1038.0
            ]
          ]
        ]
      },
      "properties": {
        "building_id": "tile8_image_part_006_bldg_0031",
        "source_image": "tile8_image_part_006.jpg",
        "area_pixels": 5583.0,
        "perimeter_pixels": 336.44,
        "mean_confidence": 0.703,
        "spatial_reference_note": "Geographic coordinates unavailable because input imagery is not georeferenced."
      }
    },
    {
      "type": "Feature",
      "geometry": {
        "type": "Polygon",
        "coordinates": [
          [
            [
              103.0,
              1038.0
            ],
            [
              69.0,
              1031.0
            ],
            [
              64.0,
              1037.0
            ],
            [
              42.0,
              1041.0
            ],
            [
              20.0,
              1065.0
            ],
            [
              10.0,
              1087.0
            ],
            [
              10.0,
              1100.0
            ],
            [
              18.0,
              1127.0
            ],
            [
              15.0,
              1173.0
            ],
            [
              10.0,
              1187.0
            ],
            [
              10.0,
              1200.0
            ],
            [
              16.0,
              1207.0
            ],
            [
              22.0,
              1208.0
            ],
            [
              33.0,
              1200.0
            ],
            [
              56.0,
              1154.0
            ],
            [
              95.0,
              1108.0
            ],
            [
              95.0,
              1100.0
            ],
            [
              107.0,
              1081.0
            ],
            [
              114.0,
              1061.0
            ],
            [
              112.0,
              1048.0
            ],
            [
              103.0,
              1038.0
            ]
          ]
        ]
      },
      "properties": {
        "building_id": "tile8_image_part_006_bldg_0032",
        "source_image": "tile8_image_part_006.jpg",
        "area_pixels": 10408.0,
        "perimeter_pixels": 455.64,
        "mean_confidence": 0.7748,
        "spatial_reference_note": "Geographic coordinates unavailable because input imagery is not georeferenced."
      }
    },
    {
      "type": "Feature",
      "geometry": {
        "type": "Polygon",
        "coordinates": [
          [
            [
              325.0,
              1030.0
            ],
            [
              325.0,
              1039.0
            ],
            [
              328.0,
              1039.0
            ],
            [
              329.0,
              1038.0
            ],
            [
              329.0,
              1036.0
            ],
            [
              330.0,
              1035.0
            ],
            [
              330.0,
              1031.0
            ],
            [
              329.0,
              1031.0
            ],
            [
              328.0,
              1030.0
            ],
            [
              325.0,
              1030.0
            ]
          ]
        ]
      },
      "properties": {
        "building_id": "tile8_image_part_006_bldg_0033",
        "source_image": "tile8_image_part_006.jpg",
        "area_pixels": 39.5,
        "perimeter_pixels": 26.24,
        "mean_confidence": 0.5097,
        "spatial_reference_note": "Geographic coordinates unavailable because input imagery is not georeferenced."
      }
    },
    {
      "type": "Feature",
      "geometry": {
        "type": "Polygon",
        "coordinates": [
          [
            [
              1604.0,
              1041.0
            ],
            [
              1607.0,
              1057.0
            ],
            [
              1621.0,
              1056.0
            ],
            [
              1636.0,
              1070.0
            ],
            [
              1648.0,
              1070.0
            ],
            [
              1651.0,
              1072.0
            ],
            [
              1657.0,
              1072.0
            ],
            [
              1664.0,
              1069.0
            ],
            [
              1664.0,
              1067.0
            ],
            [
              1657.0,
              1062.0
            ],
            [
              1656.0,
              1053.0
            ],
            [
              1654.0,
              1049.0
            ],
            [
              1652.0,
              1049.0
            ],
            [
              1650.0,
              1052.0
            ],
            [
              1645.0,
              1051.0
            ],
            [
              1645.0,
              1042.0
            ],
            [
              1642.0,
              1039.0
            ],
            [
              1639.0,
              1039.0
            ],
            [
              1636.0,
              1037.0
            ],
            [
              1623.0,
              1036.0
            ],
            [
              1619.0,
              1039.0
            ],
            [
              1609.0,
              1039.0
            ],
            [
              1604.0,
              1041.0
            ]
          ]
        ]
      },
      "properties": {
        "building_id": "tile8_image_part_006_bldg_0034",
        "source_image": "tile8_image_part_006.jpg",
        "area_pixels": 1227.0,
        "perimeter_pixels": 168.16,
        "mean_confidence": 0.5364,
        "spatial_reference_note": "Geographic coordinates unavailable because input imagery is not georeferenced."
      }
    },
    {
      "type": "Feature",
      "geometry": {
        "type": "Polygon",
        "coordinates": [
          [
            [
              1589.0,
              1065.0
            ],
            [
              1584.0,
              1065.0
            ],
            [
              1581.0,
              1068.0
            ],
            [
              1581.0,
              1070.0
            ],
            [
              1582.0,
              1071.0
            ],
            [
              1582.0,
              1073.0
            ],
            [
              1581.0,
              1074.0
            ],
            [
              1581.0,
              1075.0
            ],
            [
              1579.0,
              1077.0
            ],
            [
              1579.0,
              1081.0
            ],
            [
              1581.0,
              1083.0
            ],
            [
              1582.0,
              1083.0
            ],
            [
              1584.0,
              1085.0
            ],
            [
              1586.0,
              1085.0
            ],
            [
              1587.0,
              1084.0
            ],
            [
              1587.0,
              1080.0
            ],
            [
              1589.0,
              1078.0
            ],
            [
              1589.0,
              1077.0
            ],
            [
              1591.0,
              1075.0
            ],
            [
              1591.0,
              1074.0
            ],
            [
              1593.0,
              1072.0
            ],
            [
              1593.0,
              1071.0
            ],
            [
              1594.0,
              1070.0
            ],
            [
              1594.0,
              1068.0
            ],
            [
              1593.0,
              1067.0
            ],
            [
              1591.0,
              1067.0
            ],
            [
              1589.0,
              1065.0
            ]
          ]
        ]
      },
      "properties": {
        "building_id": "tile8_image_part_006_bldg_0035",
        "source_image": "tile8_image_part_006.jpg",
        "area_pixels": 183.0,
        "perimeter_pixels": 59.11,
        "mean_confidence": 0.529,
        "spatial_reference_note": "Geographic coordinates unavailable because input imagery is not georeferenced."
      }
    },
    {
      "type": "Feature",
      "geometry": {
        "type": "Polygon",
        "coordinates": [
          [
            [
              148.0,
              1085.0
            ],
            [
              127.0,
              1104.0
            ],
            [
              118.0,
              1139.0
            ],
            [
              171.0,
              1146.0
            ],
            [
              174.0,
              1164.0
            ],
            [
              211.0,
              1207.0
            ],
            [
              208.0,
              1212.0
            ],
            [
              177.0,
              1202.0
            ],
            [
              170.0,
              1206.0
            ],
            [
              164.0,
              1231.0
            ],
            [
              170.0,
              1262.0
            ],
            [
              189.0,
              1279.0
            ],
            [
              234.0,
              1290.0
            ],
            [
              242.0,
              1304.0
            ],
            [
              255.0,
              1304.0
            ],
            [
              288.0,
              1277.0
            ],
            [
              311.0,
              1241.0
            ],
            [
              361.0,
              1190.0
            ],
            [
              358.0,
              1162.0
            ],
            [
              265.0,
              1111.0
            ],
            [
              225.0,
              1133.0
            ],
            [
              217.0,
              1121.0
            ],
            [
              204.0,
              1120.0
            ],
            [
              204.0,
              1103.0
            ],
            [
              177.0,
              1082.0
            ],
            [
              148.0,
              1085.0
            ]
          ]
        ]
      },
      "properties": {
        "building_id": "tile8_image_part_006_bldg_0036",
        "source_image": "tile8_image_part_006.jpg",
        "area_pixels": 28482.0,
        "perimeter_pixels": 842.07,
        "mean_confidence": 0.8024,
        "spatial_reference_note": "Geographic coordinates unavailable because input imagery is not georeferenced."
      }
    },
    {
      "type": "Feature",
      "geometry": {
        "type": "Polygon",
        "coordinates": [
          [
            [
              1946.0,
              1093.0
            ],
            [
              1932.0,
              1092.0
            ],
            [
              1914.0,
              1099.0
            ],
            [
              1909.0,
              1099.0
            ],
            [
              1903.0,
              1102.0
            ],
            [
              1893.0,
              1114.0
            ],
            [
              1893.0,
              1129.0
            ],
            [
              1895.0,
              1133.0
            ],
            [
              1903.0,
              1139.0
            ],
            [
              1911.0,
              1156.0
            ],
            [
              1918.0,
              1158.0
            ],
            [
              1930.0,
              1158.0
            ],
            [
              1942.0,
              1155.0
            ],
            [
              1961.0,
              1146.0
            ],
            [
              1970.0,
              1135.0
            ],
            [
              1972.0,
              1129.0
            ],
            [
              1961.0,
              1104.0
            ],
            [
              1946.0,
              1093.0
            ]
          ]
        ]
      },
      "properties": {
        "building_id": "tile8_image_part_006_bldg_0037",
        "source_image": "tile8_image_part_006.jpg",
        "area_pixels": 3840.0,
        "perimeter_pixels": 228.06,
        "mean_confidence": 0.6872,
        "spatial_reference_note": "Geographic coordinates unavailable because input imagery is not georeferenced."
      }
    },
    {
      "type": "Feature",
      "geometry": {
        "type": "Polygon",
        "coordinates": [
          [
            [
              1528.0,
              1115.0
            ],
            [
              1529.0,
              1128.0
            ],
            [
              1531.0,
              1130.0
            ],
            [
              1530.0,
              1145.0
            ],
            [
              1533.0,
              1153.0
            ],
            [
              1539.0,
              1159.0
            ],
            [
              1555.0,
              1161.0
            ],
            [
              1563.0,
              1164.0
            ],
            [
              1589.0,
              1164.0
            ],
            [
              1598.0,
              1160.0
            ],
            [
              1603.0,
              1160.0
            ],
            [
              1605.0,
              1157.0
            ],
            [
              1603.0,
              1145.0
            ],
            [
              1606.0,
              1140.0
            ],
            [
              1606.0,
              1125.0
            ],
            [
              1597.0,
              1115.0
            ],
            [
              1591.0,
              1115.0
            ],
            [
              1587.0,
              1111.0
            ],
            [
              1574.0,
              1113.0
            ],
            [
              1568.0,
              1106.0
            ],
            [
              1555.0,
              1099.0
            ],
            [
              1542.0,
              1099.0
            ],
            [
              1540.0,
              1106.0
            ],
            [
              1528.0,
              1115.0
            ]
          ]
        ]
      },
      "properties": {
        "building_id": "tile8_image_part_006_bldg_0038",
        "source_image": "tile8_image_part_006.jpg",
        "area_pixels": 3964.0,
        "perimeter_pixels": 247.58,
        "mean_confidence": 0.6515,
        "spatial_reference_note": "Geographic coordinates unavailable because input imagery is not georeferenced."
      }
    },
    {
      "type": "Feature",
      "geometry": {
        "type": "Polygon",
        "coordinates": [
          [
            [
              1122.0,
              1110.0
            ],
            [
              1119.0,
              1110.0
            ],
            [
              1117.0,
              1112.0
            ],
            [
              1107.0,
              1112.0
            ],
            [
              1106.0,
              1113.0
            ],
            [
              1105.0,
              1113.0
            ],
            [
              1105.0,
              1115.0
            ],
            [
              1122.0,
              1115.0
            ],
            [
              1122.0,
              1110.0
            ]
          ]
        ]
      },
      "properties": {
        "building_id": "tile8_image_part_006_bldg_0039",
        "source_image": "tile8_image_part_006.jpg",
        "area_pixels": 57.5,
        "perimeter_pixels": 42.24,
        "mean_confidence": 0.508,
        "spatial_reference_note": "Geographic coordinates unavailable because input imagery is not georeferenced."
      }
    },
    {
      "type": "Feature",
      "geometry": {
        "type": "Polygon",
        "coordinates": [
          [
            [
              1881.0,
              1148.0
            ],
            [
              1871.0,
              1136.0
            ],
            [
              1862.0,
              1132.0
            ],
            [
              1854.0,
              1132.0
            ],
            [
              1838.0,
              1139.0
            ],
            [
              1821.0,
              1152.0
            ],
            [
              1809.0,
              1173.0
            ],
            [
              1796.0,
              1181.0
            ],
            [
              1787.0,
              1181.0
            ],
            [
              1783.0,
              1186.0
            ],
            [
              1771.0,
              1186.0
            ],
            [
              1749.0,
              1200.0
            ],
            [
              1735.0,
              1219.0
            ],
            [
              1737.0,
              1236.0
            ],
            [
              1759.0,
              1245.0
            ],
            [
              1764.0,
              1252.0
            ],
            [
              1807.0,
              1239.0
            ],
            [
              1849.0,
              1204.0
            ],
            [
              1866.0,
              1196.0
            ],
            [
              1882.0,
              1183.0
            ],
            [
              1887.0,
              1169.0
            ],
            [
              1881.0,
              1148.0
            ]
          ]
        ]
      },
      "properties": {
        "building_id": "tile8_image_part_006_bldg_0040",
        "source_image": "tile8_image_part_006.jpg",
        "area_pixels": 8860.5,
        "perimeter_pixels": 414.06,
        "mean_confidence": 0.7168,
        "spatial_reference_note": "Geographic coordinates unavailable because input imagery is not georeferenced."
      }
    },
    {
      "type": "Feature",
      "geometry": {
        "type": "Polygon",
        "coordinates": [
          [
            [
              1447.0,
              1150.0
            ],
            [
              1438.0,
              1168.0
            ],
            [
              1437.0,
              1190.0
            ],
            [
              1440.0,
              1196.0
            ],
            [
              1447.0,
              1196.0
            ],
            [
              1451.0,
              1199.0
            ],
            [
              1468.0,
              1197.0
            ],
            [
              1471.0,
              1194.0
            ],
            [
              1480.0,
              1192.0
            ],
            [
              1486.0,
              1187.0
            ],
            [
              1491.0,
              1185.0
            ],
            [
              1491.0,
              1181.0
            ],
            [
              1495.0,
              1176.0
            ],
            [
              1496.0,
              1164.0
            ],
            [
              1490.0,
              1156.0
            ],
            [
              1470.0,
              1147.0
            ],
            [
              1455.0,
              1147.0
            ],
            [
              1447.0,
              1150.0
            ]
          ]
        ]
      },
      "properties": {
        "building_id": "tile8_image_part_006_bldg_0041",
        "source_image": "tile8_image_part_006.jpg",
        "area_pixels": 2388.5,
        "perimeter_pixels": 182.55,
        "mean_confidence": 0.6464,
        "spatial_reference_note": "Geographic coordinates unavailable because input imagery is not georeferenced."
      }
    },
    {
      "type": "Feature",
      "geometry": {
        "type": "Polygon",
        "coordinates": [
          [
            [
              1418.0,
              1223.0
            ],
            [
              1406.0,
              1214.0
            ],
            [
              1405.0,
              1207.0
            ],
            [
              1395.0,
              1209.0
            ],
            [
              1394.0,
              1204.0
            ],
            [
              1389.0,
              1199.0
            ],
            [
              1364.0,
              1184.0
            ],
            [
              1359.0,
              1184.0
            ],
            [
              1340.0,
              1195.0
            ],
            [
              1318.0,
              1200.0
            ],
            [
              1307.0,
              1213.0
            ],
            [
              1303.0,
              1214.0
            ],
            [
              1297.0,
              1223.0
            ],
            [
              1297.0,
              1243.0
            ],
            [
              1306.0,
              1250.0
            ],
            [
              1320.0,
              1254.0
            ],
            [
              1346.0,
              1257.0
            ],
            [
              1354.0,
              1262.0
            ],
            [
              1375.0,
              1262.0
            ],
            [
              1383.0,
              1257.0
            ],
            [
              1392.0,
              1257.0
            ],
            [
              1404.0,
              1252.0
            ],
            [
              1411.0,
              1243.0
            ],
            [
              1418.0,
              1223.0
            ]
          ]
        ]
      },
      "properties": {
        "building_id": "tile8_image_part_006_bldg_0042",
        "source_image": "tile8_image_part_006.jpg",
        "area_pixels": 6558.0,
        "perimeter_pixels": 321.67,
        "mean_confidence": 0.7386,
        "spatial_reference_note": "Geographic coordinates unavailable because input imagery is not georeferenced."
      }
    },
    {
      "type": "Feature",
      "geometry": {
        "type": "Polygon",
        "coordinates": [
          [
            [
              320.0,
              1303.0
            ],
            [
              321.0,
              1311.0
            ],
            [
              339.0,
              1313.0
            ],
            [
              371.0,
              1295.0
            ],
            [
              406.0,
              1296.0
            ],
            [
              505.0,
              1349.0
            ],
            [
              549.0,
              1362.0
            ],
            [
              578.0,
              1352.0
            ],
            [
              601.0,
              1323.0
            ],
            [
              594.0,
              1303.0
            ],
            [
              573.0,
              1283.0
            ],
            [
              548.0,
              1273.0
            ],
            [
              488.0,
              1274.0
            ],
            [
              478.0,
              1244.0
            ],
            [
              451.0,
              1232.0
            ],
            [
              439.0,
              1219.0
            ],
            [
              406.0,
              1206.0
            ],
            [
              382.0,
              1216.0
            ],
            [
              350.0,
              1277.0
            ],
            [
              320.0,
              1303.0
            ]
          ]
        ]
      },
      "properties": {
        "building_id": "tile8_image_part_006_bldg_0043",
        "source_image": "tile8_image_part_006.jpg",
        "area_pixels": 19588.0,
        "perimeter_pixels": 709.8,
        "mean_confidence": 0.8298,
        "spatial_reference_note": "Geographic coordinates unavailable because input imagery is not georeferenced."
      }
    },
    {
      "type": "Feature",
      "geometry": {
        "type": "Polygon",
        "coordinates": [
          [
            [
              1756.0,
              1249.0
            ],
            [
              1747.0,
              1254.0
            ],
            [
              1736.0,
              1254.0
            ],
            [
              1732.0,
              1255.0
            ],
            [
              1726.0,
              1260.0
            ],
            [
              1721.0,
              1260.0
            ],
            [
              1715.0,
              1267.0
            ],
            [
              1709.0,
              1267.0
            ],
            [
              1705.0,
              1278.0
            ],
            [
              1702.0,
              1278.0
            ],
            [
              1700.0,
              1274.0
            ],
            [
              1697.0,
              1274.0
            ],
            [
              1692.0,
              1284.0
            ],
            [
              1687.0,
              1283.0
            ],
            [
              1685.0,
              1285.0
            ],
            [
              1684.0,
              1293.0
            ],
            [
              1688.0,
              1293.0
            ],
            [
              1693.0,
              1289.0
            ],
            [
              1698.0,
              1289.0
            ],
            [
              1706.0,
              1282.0
            ],
            [
              1714.0,
              1278.0
            ],
            [
              1726.0,
              1277.0
            ],
            [
              1730.0,
              1273.0
            ],
            [
              1738.0,
              1270.0
            ],
            [
              1746.0,
              1262.0
            ],
            [
              1747.0,
              1256.0
            ],
            [
              1757.0,
              1254.0
            ],
            [
              1756.0,
              1249.0
            ]
          ]
        ]
      },
      "properties": {
        "building_id": "tile8_image_part_006_bldg_0044",
        "source_image": "tile8_image_part_006.jpg",
        "area_pixels": 812.5,
        "perimeter_pixels": 196.71,
        "mean_confidence": 0.5342,
        "spatial_reference_note": "Geographic coordinates unavailable because input imagery is not georeferenced."
      }
    },
    {
      "type": "Feature",
      "geometry": {
        "type": "Polygon",
        "coordinates": [
          [
            [
              1412.0,
              1265.0
            ],
            [
              1408.0,
              1272.0
            ],
            [
              1408.0,
              1281.0
            ],
            [
              1412.0,
              1287.0
            ],
            [
              1411.0,
              1300.0
            ],
            [
              1417.0,
              1316.0
            ],
            [
              1427.0,
              1326.0
            ],
            [
              1438.0,
              1333.0
            ],
            [
              1441.0,
              1333.0
            ],
            [
              1446.0,
              1326.0
            ],
            [
              1453.0,
              1325.0
            ],
            [
              1462.0,
              1320.0
            ],
            [
              1466.0,
              1315.0
            ],
            [
              1468.0,
              1305.0
            ],
            [
              1465.0,
              1293.0
            ],
            [
              1460.0,
              1288.0
            ],
            [
              1458.0,
              1281.0
            ],
            [
              1452.0,
              1278.0
            ],
            [
              1448.0,
              1273.0
            ],
            [
              1438.0,
              1266.0
            ],
            [
              1425.0,
              1264.0
            ],
            [
              1412.0,
              1265.0
            ]
          ]
        ]
      },
      "properties": {
        "building_id": "tile8_image_part_006_bldg_0045",
        "source_image": "tile8_image_part_006.jpg",
        "area_pixels": 2892.5,
        "perimeter_pixels": 205.38,
        "mean_confidence": 0.6347,
        "spatial_reference_note": "Geographic coordinates unavailable because input imagery is not georeferenced."
      }
    },
    {
      "type": "Feature",
      "geometry": {
        "type": "Polygon",
        "coordinates": [
          [
            [
              1680.0,
              1291.0
            ],
            [
              1677.0,
              1288.0
            ],
            [
              1675.0,
              1288.0
            ],
            [
              1673.0,
              1291.0
            ],
            [
              1673.0,
              1294.0
            ],
            [
              1670.0,
              1299.0
            ],
            [
              1664.0,
              1298.0
            ],
            [
              1662.0,
              1300.0
            ],
            [
              1662.0,
              1303.0
            ],
            [
              1659.0,
              1306.0
            ],
            [
              1657.0,
              1306.0
            ],
            [
              1656.0,
              1305.0
            ],
            [
              1651.0,
              1306.0
            ],
            [
              1647.0,
              1311.0
            ],
            [
              1642.0,
              1311.0
            ],
            [
              1640.0,
              1314.0
            ],
            [
              1640.0,
              1316.0
            ],
            [
              1641.0,
              1317.0
            ],
            [
              1643.0,
              1317.0
            ],
            [
              1646.0,
              1315.0
            ],
            [
              1654.0,
              1316.0
            ],
            [
              1658.0,
              1313.0
            ],
            [
              1663.0,
              1312.0
            ],
            [
              1669.0,
              1309.0
            ],
            [
              1674.0,
              1303.0
            ],
            [
              1680.0,
              1300.0
            ],
            [
              1680.0,
              1291.0
            ]
          ]
        ]
      },
      "properties": {
        "building_id": "tile8_image_part_006_bldg_0046",
        "source_image": "tile8_image_part_006.jpg",
        "area_pixels": 370.5,
        "perimeter_pixels": 115.76,
        "mean_confidence": 0.5214,
        "spatial_reference_note": "Geographic coordinates unavailable because input imagery is not georeferenced."
      }
    },
    {
      "type": "Feature",
      "geometry": {
        "type": "Polygon",
        "coordinates": [
          [
            [
              1564.0,
              1310.0
            ],
            [
              1563.0,
              1313.0
            ],
            [
              1568.0,
              1322.0
            ],
            [
              1568.0,
              1324.0
            ],
            [
              1564.0,
              1329.0
            ],
            [
              1564.0,
              1333.0
            ],
            [
              1566.0,
              1336.0
            ],
            [
              1564.0,
              1344.0
            ],
            [
              1565.0,
              1347.0
            ],
            [
              1574.0,
              1354.0
            ],
            [
              1588.0,
              1354.0
            ],
            [
              1590.0,
              1352.0
            ],
            [
              1598.0,
              1353.0
            ],
            [
              1610.0,
              1345.0
            ],
            [
              1613.0,
              1336.0
            ],
            [
              1613.0,
              1331.0
            ],
            [
              1620.0,
              1329.0
            ],
            [
              1620.0,
              1323.0
            ],
            [
              1614.0,
              1322.0
            ],
            [
              1603.0,
              1315.0
            ],
            [
              1598.0,
              1316.0
            ],
            [
              1592.0,
              1315.0
            ],
            [
              1590.0,
              1310.0
            ],
            [
              1582.0,
              1304.0
            ],
            [
              1578.0,
              1304.0
            ],
            [
              1564.0,
              1310.0
            ]
          ]
        ]
      },
      "properties": {
        "building_id": "tile8_image_part_006_bldg_0047",
        "source_image": "tile8_image_part_006.jpg",
        "area_pixels": 1956.5,
        "perimeter_pixels": 184.28,
        "mean_confidence": 0.5567,
        "spatial_reference_note": "Geographic coordinates unavailable because input imagery is not georeferenced."
      }
    },
    {
      "type": "Feature",
      "geometry": {
        "type": "Polygon",
        "coordinates": [
          [
            [
              1736.0,
              1335.0
            ],
            [
              1731.0,
              1335.0
            ],
            [
              1724.0,
              1342.0
            ],
            [
              1713.0,
              1345.0
            ],
            [
              1709.0,
              1350.0
            ],
            [
              1698.0,
              1349.0
            ],
            [
              1693.0,
              1359.0
            ],
            [
              1686.0,
              1357.0
            ],
            [
              1683.0,
              1366.0
            ],
            [
              1681.0,
              1385.0
            ],
            [
              1687.0,
              1389.0
            ],
            [
              1693.0,
              1389.0
            ],
            [
              1698.0,
              1393.0
            ],
            [
              1695.0,
              1399.0
            ],
            [
              1698.0,
              1408.0
            ],
            [
              1704.0,
              1407.0
            ],
            [
              1709.0,
              1412.0
            ],
            [
              1720.0,
              1409.0
            ],
            [
              1731.0,
              1402.0
            ],
            [
              1744.0,
              1386.0
            ],
            [
              1746.0,
              1377.0
            ],
            [
              1731.0,
              1363.0
            ],
            [
              1732.0,
              1360.0
            ],
            [
              1738.0,
              1359.0
            ],
            [
              1738.0,
              1355.0
            ],
            [
              1741.0,
              1352.0
            ],
            [
              1741.0,
              1342.0
            ],
            [
              1737.0,
              1339.0
            ],
            [
              1736.0,
              1335.0
            ]
          ]
        ]
      },
      "properties": {
        "building_id": "tile8_image_part_006_bldg_0048",
        "source_image": "tile8_image_part_006.jpg",
        "area_pixels": 3148.0,
        "perimeter_pixels": 251.17,
        "mean_confidence": 0.5654,
        "spatial_reference_note": "Geographic coordinates unavailable because input imagery is not georeferenced."
      }
    },
    {
      "type": "Feature",
      "geometry": {
        "type": "Polygon",
        "coordinates": [
          [
            [
              1551.0,
              1343.0
            ],
            [
              1551.0,
              1349.0
            ],
            [
              1552.0,
              1350.0
            ],
            [
              1552.0,
              1351.0
            ],
            [
              1553.0,
              1352.0
            ],
            [
              1557.0,
              1352.0
            ],
            [
              1557.0,
              1346.0
            ],
            [
              1556.0,
              1345.0
            ],
            [
              1556.0,
              1344.0
            ],
            [
              1555.0,
              1343.0
            ],
            [
              1551.0,
              1343.0
            ]
          ]
        ]
      },
      "properties": {
        "building_id": "tile8_image_part_006_bldg_0049",
        "source_image": "tile8_image_part_006.jpg",
        "area_pixels": 48.0,
        "perimeter_pixels": 27.66,
        "mean_confidence": 0.5094,
        "spatial_reference_note": "Geographic coordinates unavailable because input imagery is not georeferenced."
      }
    },
    {
      "type": "Feature",
      "geometry": {
        "type": "Polygon",
        "coordinates": [
          [
            [
              1801.0,
              1355.0
            ],
            [
              1799.0,
              1353.0
            ],
            [
              1787.0,
              1352.0
            ],
            [
              1783.0,
              1355.0
            ],
            [
              1776.0,
              1355.0
            ],
            [
              1774.0,
              1358.0
            ],
            [
              1771.0,
              1360.0
            ],
            [
              1765.0,
              1360.0
            ],
            [
              1759.0,
              1368.0
            ],
            [
              1754.0,
              1369.0
            ],
            [
              1750.0,
              1376.0
            ],
            [
              1750.0,
              1380.0
            ],
            [
              1751.0,
              1381.0
            ],
            [
              1756.0,
              1381.0
            ],
            [
              1759.0,
              1379.0
            ],
            [
              1765.0,
              1379.0
            ],
            [
              1772.0,
              1376.0
            ],
            [
              1777.0,
              1376.0
            ],
            [
              1788.0,
              1371.0
            ],
            [
              1790.0,
              1371.0
            ],
            [
              1799.0,
              1366.0
            ],
            [
              1801.0,
              1366.0
            ],
            [
              1801.0,
              1355.0
            ]
          ]
        ]
      },
      "properties": {
        "building_id": "tile8_image_part_006_bldg_0050",
        "source_image": "tile8_image_part_006.jpg",
        "area_pixels": 817.5,
        "perimeter_pixels": 133.26,
        "mean_confidence": 0.5615,
        "spatial_reference_note": "Geographic coordinates unavailable because input imagery is not georeferenced."
      }
    },
    {
      "type": "Feature",
      "geometry": {
        "type": "Polygon",
        "coordinates": [
          [
            [
              1772.0,
              1435.0
            ],
            [
              1776.0,
              1457.0
            ],
            [
              1803.0,
              1456.0
            ],
            [
              1812.0,
              1472.0
            ],
            [
              2017.0,
              1476.0
            ],
            [
              2047.0,
              1471.0
            ],
            [
              2038.0,
              1463.0
            ],
            [
              2040.0,
              1450.0
            ],
            [
              2033.0,
              1443.0
            ],
            [
              1991.0,
              1429.0
            ],
            [
              1923.0,
              1454.0
            ],
            [
              1879.0,
              1456.0
            ],
            [
              1880.0,
              1448.0
            ],
            [
              1911.0,
              1430.0
            ],
            [
              1926.0,
              1410.0
            ],
            [
              1923.0,
              1398.0
            ],
            [
              1910.0,
              1394.0
            ],
            [
              1883.0,
              1365.0
            ],
            [
              1868.0,
              1383.0
            ],
            [
              1843.0,
              1376.0
            ],
            [
              1808.0,
              1391.0
            ],
            [
              1777.0,
              1417.0
            ],
            [
              1772.0,
              1435.0
            ]
          ]
        ]
      },
      "properties": {
        "building_id": "tile8_image_part_006_bldg_0051",
        "source_image": "tile8_image_part_006.jpg",
        "area_pixels": 15471.5,
        "perimeter_pixels": 780.17,
        "mean_confidence": 0.7386,
        "spatial_reference_note": "Geographic coordinates unavailable because input imagery is not georeferenced."
      }
    },
    {
      "type": "Feature",
      "geometry": {
        "type": "Polygon",
        "coordinates": [
          [
            [
              1624.0,
              1381.0
            ],
            [
              1605.0,
              1396.0
            ],
            [
              1602.0,
              1405.0
            ],
            [
              1608.0,
              1415.0
            ],
            [
              1608.0,
              1420.0
            ],
            [
              1610.0,
              1424.0
            ],
            [
              1620.0,
              1434.0
            ],
            [
              1620.0,
              1447.0
            ],
            [
              1630.0,
              1448.0
            ],
            [
              1638.0,
              1452.0
            ],
            [
              1641.0,
              1451.0
            ],
            [
              1648.0,
              1442.0
            ],
            [
              1653.0,
              1441.0
            ],
            [
              1656.0,
              1438.0
            ],
            [
              1656.0,
              1428.0
            ],
            [
              1661.0,
              1415.0
            ],
            [
              1658.0,
              1412.0
            ],
            [
              1656.0,
              1403.0
            ],
            [
              1652.0,
              1396.0
            ],
            [
              1652.0,
              1391.0
            ],
            [
              1649.0,
              1388.0
            ],
            [
              1644.0,
              1386.0
            ],
            [
              1636.0,
              1386.0
            ],
            [
              1624.0,
              1381.0
            ]
          ]
        ]
      },
      "properties": {
        "building_id": "tile8_image_part_006_bldg_0052",
        "source_image": "tile8_image_part_006.jpg",
        "area_pixels": 2752.5,
        "perimeter_pixels": 205.95,
        "mean_confidence": 0.5998,
        "spatial_reference_note": "Geographic coordinates unavailable because input imagery is not georeferenced."
      }
    },
    {
      "type": "Feature",
      "geometry": {
        "type": "Polygon",
        "coordinates": [
          [
            [
              1491.0,
              1388.0
            ],
            [
              1474.0,
              1387.0
            ],
            [
              1461.0,
              1394.0
            ],
            [
              1452.0,
              1395.0
            ],
            [
              1446.0,
              1400.0
            ],
            [
              1424.0,
              1408.0
            ],
            [
              1406.0,
              1423.0
            ],
            [
              1399.0,
              1438.0
            ],
            [
              1395.0,
              1442.0
            ],
            [
              1396.0,
              1447.0
            ],
            [
              1406.0,
              1453.0
            ],
            [
              1418.0,
              1453.0
            ],
            [
              1464.0,
              1427.0
            ],
            [
              1477.0,
              1415.0
            ],
            [
              1479.0,
              1408.0
            ],
            [
              1484.0,
              1407.0
            ],
            [
              1492.0,
              1396.0
            ],
            [
              1493.0,
              1392.0
            ],
            [
              1491.0,
              1388.0
            ]
          ]
        ]
      },
      "properties": {
        "building_id": "tile8_image_part_006_bldg_0053",
        "source_image": "tile8_image_part_006.jpg",
        "area_pixels": 3040.0,
        "perimeter_pixels": 251.58,
        "mean_confidence": 0.6601,
        "spatial_reference_note": "Geographic coordinates unavailable because input imagery is not georeferenced."
      }
    },
    {
      "type": "Feature",
      "geometry": {
        "type": "Polygon",
        "coordinates": [
          [
            [
              61.0,
              1412.0
            ],
            [
              55.0,
              1409.0
            ],
            [
              48.0,
              1409.0
            ],
            [
              44.0,
              1411.0
            ],
            [
              37.0,
              1412.0
            ],
            [
              30.0,
              1423.0
            ],
            [
              24.0,
              1423.0
            ],
            [
              19.0,
              1426.0
            ],
            [
              13.0,
              1444.0
            ],
            [
              14.0,
              1445.0
            ],
            [
              33.0,
              1445.0
            ],
            [
              37.0,
              1446.0
            ],
            [
              40.0,
              1449.0
            ],
            [
              42.0,
              1449.0
            ],
            [
              48.0,
              1442.0
            ],
            [
              58.0,
              1434.0
            ],
            [
              61.0,
              1428.0
            ],
            [
              65.0,
              1425.0
            ],
            [
              65.0,
              1422.0
            ],
            [
              63.0,
              1420.0
            ],
            [
              61.0,
              1412.0
            ]
          ]
        ]
      },
      "properties": {
        "building_id": "tile8_image_part_006_bldg_0054",
        "source_image": "tile8_image_part_006.jpg",
        "area_pixels": 1260.5,
        "perimeter_pixels": 147.68,
        "mean_confidence": 0.5915,
        "spatial_reference_note": "Geographic coordinates unavailable because input imagery is not georeferenced."
      }
    },
    {
      "type": "Feature",
      "geometry": {
        "type": "Polygon",
        "coordinates": [
          [
            [
              979.0,
              1412.0
            ],
            [
              976.0,
              1415.0
            ],
            [
              976.0,
              1418.0
            ],
            [
              975.0,
              1419.0
            ],
            [
              975.0,
              1427.0
            ],
            [
              976.0,
              1428.0
            ],
            [
              976.0,
              1432.0
            ],
            [
              979.0,
              1435.0
            ],
            [
              980.0,
              1438.0
            ],
            [
              985.0,
              1443.0
            ],
            [
              987.0,
              1444.0
            ],
            [
              993.0,
              1444.0
            ],
            [
              998.0,
              1439.0
            ],
            [
              1005.0,
              1435.0
            ],
            [
              1006.0,
              1431.0
            ],
            [
              1008.0,
              1428.0
            ],
            [
              1008.0,
              1426.0
            ],
            [
              1007.0,
              1425.0
            ],
            [
              1004.0,
              1425.0
            ],
            [
              1002.0,
              1424.0
            ],
            [
              999.0,
              1421.0
            ],
            [
              999.0,
              1420.0
            ],
            [
              993.0,
              1415.0
            ],
            [
              990.0,
              1415.0
            ],
            [
              986.0,
              1412.0
            ],
            [
              979.0,
              1412.0
            ]
          ]
        ]
      },
      "properties": {
        "building_id": "tile8_image_part_006_bldg_0055",
        "source_image": "tile8_image_part_006.jpg",
        "area_pixels": 712.5,
        "perimeter_pixels": 104.35,
        "mean_confidence": 0.546,
        "spatial_reference_note": "Geographic coordinates unavailable because input imagery is not georeferenced."
      }
    },
    {
      "type": "Feature",
      "geometry": {
        "type": "Polygon",
        "coordinates": [
          [
            [
              562.0,
              1465.0
            ],
            [
              564.0,
              1472.0
            ],
            [
              567.0,
              1474.0
            ],
            [
              608.0,
              1476.0
            ],
            [
              643.0,
              1474.0
            ],
            [
              645.0,
              1472.0
            ],
            [
              645.0,
              1465.0
            ],
            [
              648.0,
              1458.0
            ],
            [
              644.0,
              1452.0
            ],
            [
              635.0,
              1450.0
            ],
            [
              629.0,
              1443.0
            ],
            [
              619.0,
              1437.0
            ],
            [
              603.0,
              1431.0
            ],
            [
              597.0,
              1431.0
            ],
            [
              577.0,
              1442.0
            ],
            [
              564.0,
              1458.0
            ],
            [
              562.0,
              1465.0
            ]
          ]
        ]
      },
      "properties": {
        "building_id": "tile8_image_part_006_bldg_0056",
        "source_image": "tile8_image_part_006.jpg",
        "area_pixels": 2795.5,
        "perimeter_pixels": 215.56,
        "mean_confidence": 0.7204,
        "spatial_reference_note": "Geographic coordinates unavailable because input imagery is not georeferenced."
      }
    },
    {
      "type": "Feature",
      "geometry": {
        "type": "Polygon",
        "coordinates": [
          [
            [
              1596.0,
              1462.0
            ],
            [
              1590.0,
              1456.0
            ],
            [
              1591.0,
              1449.0
            ],
            [
              1588.0,
              1442.0
            ],
            [
              1581.0,
              1441.0
            ],
            [
              1574.0,
              1436.0
            ],
            [
              1561.0,
              1432.0
            ],
            [
              1540.0,
              1432.0
            ],
            [
              1515.0,
              1440.0
            ],
            [
              1487.0,
              1459.0
            ],
            [
              1479.0,
              1462.0
            ],
            [
              1475.0,
              1466.0
            ],
            [
              1475.0,
              1469.0
            ],
            [
              1478.0,
              1473.0
            ],
            [
              1489.0,
              1475.0
            ],
            [
              1581.0,
              1475.0
            ],
            [
              1592.0,
              1473.0
            ],
            [
              1596.0,
              1462.0
            ]
          ]
        ]
      },
      "properties": {
        "building_id": "tile8_image_part_006_bldg_0057",
        "source_image": "tile8_image_part_006.jpg",
        "area_pixels": 3873.0,
        "perimeter_pixels": 281.8,
        "mean_confidence": 0.7336,
        "spatial_reference_note": "Geographic coordinates unavailable because input imagery is not georeferenced."
      }
    },
    {
      "type": "Feature",
      "geometry": {
        "type": "Polygon",
        "coordinates": [
          [
            [
              42.0,
              1458.0
            ],
            [
              40.0,
              1458.0
            ],
            [
              39.0,
              1459.0
            ],
            [
              34.0,
              1459.0
            ],
            [
              33.0,
              1458.0
            ],
            [
              30.0,
              1458.0
            ],
            [
              29.0,
              1459.0
            ],
            [
              26.0,
              1460.0
            ],
            [
              24.0,
              1462.0
            ],
            [
              22.0,
              1462.0
            ],
            [
              21.0,
              1463.0
            ],
            [
              19.0,
              1463.0
            ],
            [
              18.0,
              1464.0
            ],
            [
              15.0,
              1464.0
            ],
            [
              14.0,
              1465.0
            ],
            [
              14.0,
              1470.0
            ],
            [
              15.0,
              1470.0
            ],
            [
              18.0,
              1473.0
            ],
            [
              37.0,
              1473.0
            ],
            [
              39.0,
              1471.0
            ],
            [
              39.0,
              1470.0
            ],
            [
              40.0,
              1469.0
            ],
            [
              40.0,
              1466.0
            ],
            [
              42.0,
              1463.0
            ],
            [
              42.0,
              1458.0
            ]
          ]
        ]
      },
      "properties": {
        "building_id": "tile8_image_part_006_bldg_0058",
        "source_image": "tile8_image_part_006.jpg",
        "area_pixels": 320.5,
        "perimeter_pixels": 77.57,
        "mean_confidence": 0.56,
        "spatial_reference_note": "Geographic coordinates unavailable because input imagery is not georeferenced."
      }
    },
    {
      "type": "Feature",
      "geometry": {
        "type": "Polygon",
        "coordinates": [
          [
            [
              1166.0,
              11.0
            ],
            [
              1255.0,
              75.0
            ],
            [
              1310.0,
              90.0
            ],
            [
              1385.0,
              93.0
            ],
            [
              1385.0,
              111.0
            ],
            [
              1400.0,
              122.0
            ],
            [
              1475.0,
              117.0
            ],
            [
              1551.0,
              71.0
            ],
            [
              1569.0,
              73.0
            ],
            [
              1581.0,
              91.0
            ],
            [
              1600.0,
              92.0
            ],
            [
              1652.0,
              60.0
            ],
            [
              1637.0,
              34.0
            ],
            [
              1640.0,
              21.0
            ],
            [
              1613.0,
              0.0
            ],
            [
              1568.0,
              0.0
            ],
            [
              1413.0,
              33.0
            ],
            [
              1319.0,
              0.0
            ],
            [
              1196.0,
              0.0
            ],
            [
              1166.0,
              11.0
            ]
          ]
        ]
      },
      "properties": {
        "building_id": "tile8_image_part_007_bldg_0001",
        "source_image": "tile8_image_part_007.jpg",
        "area_pixels": 35872.0,
        "perimeter_pixels": 1097.74,
        "mean_confidence": 0.8668,
        "spatial_reference_note": "Geographic coordinates unavailable because input imagery is not georeferenced."
      }
    },
    {
      "type": "Feature",
      "geometry": {
        "type": "Polygon",
        "coordinates": [
          [
            [
              2087.0,
              7.0
            ],
            [
              1949.0,
              39.0
            ],
            [
              1948.0,
              0.0
            ],
            [
              1808.0,
              16.0
            ],
            [
              1704.0,
              82.0
            ],
            [
              1710.0,
              126.0
            ],
            [
              1914.0,
              64.0
            ],
            [
              1681.0,
              221.0
            ],
            [
              1672.0,
              265.0
            ],
            [
              1631.0,
              252.0
            ],
            [
              1447.0,
              390.0
            ],
            [
              1340.0,
              392.0
            ],
            [
              1081.0,
              261.0
            ],
            [
              947.0,
              134.0
            ],
            [
              781.0,
              106.0
            ],
            [
              762.0,
              33.0
            ],
            [
              678.0,
              47.0
            ],
            [
              656.0,
              117.0
            ],
            [
              710.0,
              137.0
            ],
            [
              710.0,
              173.0
            ],
            [
              624.0,
              248.0
            ],
            [
              876.0,
              338.0
            ],
            [
              1193.0,
              542.0
            ],
            [
              1547.0,
              578.0
            ],
            [
              1739.0,
              417.0
            ],
            [
              1800.0,
              216.0
            ],
            [
              2005.0,
              111.0
            ],
            [
              2087.0,
              7.0
            ]
          ]
        ]
      },
      "properties": {
        "building_id": "tile8_image_part_007_bldg_0002",
        "source_image": "tile8_image_part_007.jpg",
        "area_pixels": 279765.5,
        "perimeter_pixels": 4316.92,
        "mean_confidence": 0.8923,
        "spatial_reference_note": "Geographic coordinates unavailable because input imagery is not georeferenced."
      }
    },
    {
      "type": "Feature",
      "geometry": {
        "type": "Polygon",
        "coordinates": [
          [
            [
              844.0,
              8.0
            ],
            [
              837.0,
              3.0
            ],
            [
              812.0,
              3.0
            ],
            [
              791.0,
              8.0
            ],
            [
              789.0,
              10.0
            ],
            [
              789.0,
              18.0
            ],
            [
              788.0,
              19.0
            ],
            [
              788.0,
              28.0
            ],
            [
              791.0,
              37.0
            ],
            [
              796.0,
              41.0
            ],
            [
              804.0,
              41.0
            ],
            [
              807.0,
              43.0
            ],
            [
              819.0,
              41.0
            ],
            [
              829.0,
              33.0
            ],
            [
              830.0,
              26.0
            ],
            [
              837.0,
              21.0
            ],
            [
              838.0,
              18.0
            ],
            [
              844.0,
              11.0
            ],
            [
              844.0,
              8.0
            ]
          ]
        ]
      },
      "properties": {
        "building_id": "tile8_image_part_007_bldg_0003",
        "source_image": "tile8_image_part_007.jpg",
        "area_pixels": 1655.5,
        "perimeter_pixels": 159.95,
        "mean_confidence": 0.7172,
        "spatial_reference_note": "Geographic coordinates unavailable because input imagery is not georeferenced."
      }
    },
    {
      "type": "Feature",
      "geometry": {
        "type": "Polygon",
        "coordinates": [
          [
            [
              557.0,
              11.0
            ],
            [
              551.0,
              12.0
            ],
            [
              545.0,
              16.0
            ],
            [
              545.0,
              22.0
            ],
            [
              541.0,
              29.0
            ],
            [
              540.0,
              33.0
            ],
            [
              534.0,
              38.0
            ],
            [
              534.0,
              40.0
            ],
            [
              535.0,
              41.0
            ],
            [
              540.0,
              41.0
            ],
            [
              543.0,
              43.0
            ],
            [
              551.0,
              44.0
            ],
            [
              554.0,
              42.0
            ],
            [
              554.0,
              40.0
            ],
            [
              557.0,
              38.0
            ],
            [
              558.0,
              36.0
            ],
            [
              558.0,
              23.0
            ],
            [
              559.0,
              22.0
            ],
            [
              559.0,
              20.0
            ],
            [
              561.0,
              18.0
            ],
            [
              561.0,
              15.0
            ],
            [
              559.0,
              14.0
            ],
            [
              557.0,
              11.0
            ]
          ]
        ]
      },
      "properties": {
        "building_id": "tile8_image_part_007_bldg_0004",
        "source_image": "tile8_image_part_007.jpg",
        "area_pixels": 510.0,
        "perimeter_pixels": 98.9,
        "mean_confidence": 0.5375,
        "spatial_reference_note": "Geographic coordinates unavailable because input imagery is not georeferenced."
      }
    },
    {
      "type": "Feature",
      "geometry": {
        "type": "Polygon",
        "coordinates": [
          [
            [
              7.0,
              37.0
            ],
            [
              0.0,
              394.0
            ],
            [
              73.0,
              492.0
            ],
            [
              115.0,
              483.0
            ],
            [
              172.0,
              436.0
            ],
            [
              119.0,
              432.0
            ],
            [
              71.0,
              390.0
            ],
            [
              77.0,
              353.0
            ],
            [
              52.0,
              333.0
            ],
            [
              61.0,
              278.0
            ],
            [
              25.0,
              198.0
            ],
            [
              37.0,
              178.0
            ],
            [
              183.0,
              244.0
            ],
            [
              151.0,
              305.0
            ],
            [
              216.0,
              291.0
            ],
            [
              305.0,
              328.0
            ],
            [
              436.0,
              290.0
            ],
            [
              429.0,
              271.0
            ],
            [
              373.0,
              274.0
            ],
            [
              380.0,
              190.0
            ],
            [
              221.0,
              188.0
            ],
            [
              213.0,
              126.0
            ],
            [
              170.0,
              110.0
            ],
            [
              192.0,
              78.0
            ],
            [
              27.0,
              24.0
            ],
            [
              7.0,
              37.0
            ]
          ]
        ]
      },
      "properties": {
        "building_id": "tile8_image_part_007_bldg_0005",
        "source_image": "tile8_image_part_007.jpg",
        "area_pixels": 75337.5,
        "perimeter_pixels": 2142.02,
        "mean_confidence": 0.8151,
        "spatial_reference_note": "Geographic coordinates unavailable because input imagery is not georeferenced."
      }
    },
    {
      "type": "Feature",
      "geometry": {
        "type": "Polygon",
        "coordinates": [
          [
            [
              219.0,
              117.0
            ],
            [
              220.0,
              122.0
            ],
            [
              226.0,
              123.0
            ],
            [
              238.0,
              131.0
            ],
            [
              242.0,
              137.0
            ],
            [
              254.0,
              137.0
            ],
            [
              261.0,
              131.0
            ],
            [
              270.0,
              130.0
            ],
            [
              280.0,
              131.0
            ],
            [
              296.0,
              139.0
            ],
            [
              304.0,
              137.0
            ],
            [
              309.0,
              132.0
            ],
            [
              316.0,
              134.0
            ],
            [
              316.0,
              129.0
            ],
            [
              309.0,
              122.0
            ],
            [
              308.0,
              115.0
            ],
            [
              305.0,
              110.0
            ],
            [
              292.0,
              101.0
            ],
            [
              276.0,
              94.0
            ],
            [
              265.0,
              93.0
            ],
            [
              250.0,
              97.0
            ],
            [
              237.0,
              108.0
            ],
            [
              232.0,
              109.0
            ],
            [
              219.0,
              117.0
            ]
          ]
        ]
      },
      "properties": {
        "building_id": "tile8_image_part_007_bldg_0006",
        "source_image": "tile8_image_part_007.jpg",
        "area_pixels": 2780.0,
        "perimeter_pixels": 238.67,
        "mean_confidence": 0.6569,
        "spatial_reference_note": "Geographic coordinates unavailable because input imagery is not georeferenced."
      }
    },
    {
      "type": "Feature",
      "geometry": {
        "type": "Polygon",
        "coordinates": [
          [
            [
              601.0,
              104.0
            ],
            [
              601.0,
              106.0
            ],
            [
              602.0,
              107.0
            ],
            [
              604.0,
              107.0
            ],
            [
              605.0,
              108.0
            ],
            [
              609.0,
              108.0
            ],
            [
              610.0,
              107.0
            ],
            [
              610.0,
              105.0
            ],
            [
              609.0,
              105.0
            ],
            [
              607.0,
              103.0
            ],
            [
              602.0,
              103.0
            ],
            [
              601.0,
              104.0
            ]
          ]
        ]
      },
      "properties": {
        "building_id": "tile8_image_part_007_bldg_0007",
        "source_image": "tile8_image_part_007.jpg",
        "area_pixels": 36.0,
        "perimeter_pixels": 24.49,
        "mean_confidence": 0.5077,
        "spatial_reference_note": "Geographic coordinates unavailable because input imagery is not georeferenced."
      }
    },
    {
      "type": "Feature",
      "geometry": {
        "type": "Polygon",
        "coordinates": [
          [
            [
              668.0,
              136.0
            ],
            [
              664.0,
              131.0
            ],
            [
              635.0,
              131.0
            ],
            [
              626.0,
              124.0
            ],
            [
              624.0,
              116.0
            ],
            [
              607.0,
              112.0
            ],
            [
              602.0,
              121.0
            ],
            [
              590.0,
              124.0
            ],
            [
              569.0,
              144.0
            ],
            [
              555.0,
              144.0
            ],
            [
              524.0,
              133.0
            ],
            [
              478.0,
              141.0
            ],
            [
              438.0,
              167.0
            ],
            [
              433.0,
              180.0
            ],
            [
              455.0,
              201.0
            ],
            [
              452.0,
              212.0
            ],
            [
              458.0,
              218.0
            ],
            [
              529.0,
              209.0
            ],
            [
              567.0,
              191.0
            ],
            [
              619.0,
              184.0
            ],
            [
              663.0,
              149.0
            ],
            [
              668.0,
              136.0
            ]
          ]
        ]
      },
      "properties": {
        "building_id": "tile8_image_part_007_bldg_0008",
        "source_image": "tile8_image_part_007.jpg",
        "area_pixels": 13244.5,
        "perimeter_pixels": 565.94,
        "mean_confidence": 0.7546,
        "spatial_reference_note": "Geographic coordinates unavailable because input imagery is not georeferenced."
      }
    },
    {
      "type": "Feature",
      "geometry": {
        "type": "Polygon",
        "coordinates": [
          [
            [
              2140.0,
              181.0
            ],
            [
              2123.0,
              180.0
            ],
            [
              2038.0,
              223.0
            ],
            [
              1949.0,
              296.0
            ],
            [
              1928.0,
              327.0
            ],
            [
              1890.0,
              347.0
            ],
            [
              1877.0,
              370.0
            ],
            [
              1888.0,
              405.0
            ],
            [
              1913.0,
              422.0
            ],
            [
              1942.0,
              428.0
            ],
            [
              1962.0,
              426.0
            ],
            [
              1981.0,
              410.0
            ],
            [
              2001.0,
              376.0
            ],
            [
              2057.0,
              321.0
            ],
            [
              2065.0,
              295.0
            ],
            [
              2052.0,
              280.0
            ],
            [
              2055.0,
              262.0
            ],
            [
              2074.0,
              256.0
            ],
            [
              2089.0,
              273.0
            ],
            [
              2140.0,
              267.0
            ],
            [
              2140.0,
              181.0
            ]
          ]
        ]
      },
      "properties": {
        "building_id": "tile8_image_part_007_bldg_0009",
        "source_image": "tile8_image_part_007.jpg",
        "area_pixels": 25681.5,
        "perimeter_pixels": 838.86,
        "mean_confidence": 0.8182,
        "spatial_reference_note": "Geographic coordinates unavailable because input imagery is not georeferenced."
      }
    },
    {
      "type": "Feature",
      "geometry": {
        "type": "Polygon",
        "coordinates": [
          [
            [
              165.0,
              490.0
            ],
            [
              220.0,
              552.0
            ],
            [
              176.0,
              576.0
            ],
            [
              185.0,
              610.0
            ],
            [
              237.0,
              610.0
            ],
            [
              238.0,
              551.0
            ],
            [
              322.0,
              518.0
            ],
            [
              279.0,
              659.0
            ],
            [
              780.0,
              924.0
            ],
            [
              830.0,
              910.0
            ],
            [
              924.0,
              714.0
            ],
            [
              992.0,
              662.0
            ],
            [
              1067.0,
              661.0
            ],
            [
              1128.0,
              734.0
            ],
            [
              1202.0,
              694.0
            ],
            [
              1110.0,
              587.0
            ],
            [
              982.0,
              591.0
            ],
            [
              846.0,
              436.0
            ],
            [
              786.0,
              439.0
            ],
            [
              763.0,
              497.0
            ],
            [
              926.0,
              627.0
            ],
            [
              904.0,
              659.0
            ],
            [
              825.0,
              631.0
            ],
            [
              718.0,
              518.0
            ],
            [
              428.0,
              537.0
            ],
            [
              595.0,
              428.0
            ],
            [
              583.0,
              394.0
            ],
            [
              701.0,
              444.0
            ],
            [
              720.0,
              376.0
            ],
            [
              664.0,
              344.0
            ],
            [
              584.0,
              361.0
            ],
            [
              491.0,
              321.0
            ],
            [
              341.0,
              484.0
            ],
            [
              218.0,
              429.0
            ],
            [
              165.0,
              490.0
            ]
          ]
        ]
      },
      "properties": {
        "building_id": "tile8_image_part_007_bldg_0010",
        "source_image": "tile8_image_part_007.jpg",
        "area_pixels": 254385.5,
        "perimeter_pixels": 4186.82,
        "mean_confidence": 0.8479,
        "spatial_reference_note": "Geographic coordinates unavailable because input imagery is not georeferenced."
      }
    },
    {
      "type": "Feature",
      "geometry": {
        "type": "Polygon",
        "coordinates": [
          [
            [
              2140.0,
              348.0
            ],
            [
              2063.0,
              385.0
            ],
            [
              1970.0,
              467.0
            ],
            [
              1956.0,
              495.0
            ],
            [
              1970.0,
              542.0
            ],
            [
              1954.0,
              591.0
            ],
            [
              1984.0,
              627.0
            ],
            [
              1988.0,
              657.0
            ],
            [
              2018.0,
              698.0
            ],
            [
              2021.0,
              732.0
            ],
            [
              2061.0,
              795.0
            ],
            [
              2110.0,
              823.0
            ],
            [
              2124.0,
              819.0
            ],
            [
              2122.0,
              800.0
            ],
            [
              2141.0,
              760.0
            ],
            [
              2140.0,
              729.0
            ],
            [
              2103.0,
              700.0
            ],
            [
              2132.0,
              638.0
            ],
            [
              2107.0,
              579.0
            ],
            [
              2067.0,
              573.0
            ],
            [
              2047.0,
              543.0
            ],
            [
              2067.0,
              529.0
            ],
            [
              2110.0,
              548.0
            ],
            [
              2128.0,
              529.0
            ],
            [
              2110.0,
              503.0
            ],
            [
              2142.0,
              472.0
            ],
            [
              2140.0,
              348.0
            ]
          ]
        ]
      },
      "properties": {
        "building_id": "tile8_image_part_007_bldg_0011",
        "source_image": "tile8_image_part_007.jpg",
        "area_pixels": 53674.5,
        "perimeter_pixels": 1297.22,
        "mean_confidence": 0.8096,
        "spatial_reference_note": "Geographic coordinates unavailable because input imagery is not georeferenced."
      }
    },
    {
      "type": "Feature",
      "geometry": {
        "type": "Polygon",
        "coordinates": [
          [
            [
              2074.0,
              865.0
            ],
            [
              1911.0,
              725.0
            ],
            [
              1698.0,
              897.0
            ],
            [
              1652.0,
              899.0
            ],
            [
              1625.0,
              829.0
            ],
            [
              1382.0,
              795.0
            ],
            [
              1428.0,
              754.0
            ],
            [
              1484.0,
              796.0
            ],
            [
              1695.0,
              799.0
            ],
            [
              1798.0,
              612.0
            ],
            [
              1872.0,
              562.0
            ],
            [
              1862.0,
              501.0
            ],
            [
              1804.0,
              482.0
            ],
            [
              1391.0,
              721.0
            ],
            [
              1259.0,
              686.0
            ],
            [
              1276.0,
              763.0
            ],
            [
              1350.0,
              806.0
            ],
            [
              1302.0,
              857.0
            ],
            [
              1118.0,
              805.0
            ],
            [
              977.0,
              706.0
            ],
            [
              852.0,
              928.0
            ],
            [
              879.0,
              991.0
            ],
            [
              1087.0,
              1051.0
            ],
            [
              1115.0,
              1110.0
            ],
            [
              1261.0,
              1168.0
            ],
            [
              1478.0,
              1173.0
            ],
            [
              1507.0,
              1236.0
            ],
            [
              1614.0,
              1080.0
            ],
            [
              1615.0,
              965.0
            ],
            [
              1654.0,
              1042.0
            ],
            [
              1873.0,
              1147.0
            ],
            [
              2074.0,
              865.0
            ]
          ]
        ]
      },
      "properties": {
        "building_id": "tile8_image_part_007_bldg_0012",
        "source_image": "tile8_image_part_007.jpg",
        "area_pixels": 422641.5,
        "perimeter_pixels": 4863.34,
        "mean_confidence": 0.8644,
        "spatial_reference_note": "Geographic coordinates unavailable because input imagery is not georeferenced."
      }
    },
    {
      "type": "Feature",
      "geometry": {
        "type": "Polygon",
        "coordinates": [
          [
            [
              8.0,
              532.0
            ],
            [
              8.0,
              535.0
            ],
            [
              7.0,
              536.0
            ],
            [
              7.0,
              545.0
            ],
            [
              10.0,
              552.0
            ],
            [
              15.0,
              556.0
            ],
            [
              15.0,
              560.0
            ],
            [
              19.0,
              563.0
            ],
            [
              23.0,
              563.0
            ],
            [
              24.0,
              562.0
            ],
            [
              30.0,
              563.0
            ],
            [
              31.0,
              562.0
            ],
            [
              33.0,
              562.0
            ],
            [
              35.0,
              560.0
            ],
            [
              35.0,
              552.0
            ],
            [
              30.0,
              546.0
            ],
            [
              28.0,
              546.0
            ],
            [
              24.0,
              543.0
            ],
            [
              23.0,
              541.0
            ],
            [
              23.0,
              538.0
            ],
            [
              22.0,
              537.0
            ],
            [
              22.0,
              533.0
            ],
            [
              20.0,
              531.0
            ],
            [
              20.0,
              530.0
            ],
            [
              16.0,
              530.0
            ],
            [
              15.0,
              531.0
            ],
            [
              10.0,
              531.0
            ],
            [
              8.0,
              532.0
            ]
          ]
        ]
      },
      "properties": {
        "building_id": "tile8_image_part_007_bldg_0013",
        "source_image": "tile8_image_part_007.jpg",
        "area_pixels": 597.0,
        "perimeter_pixels": 104.11,
        "mean_confidence": 0.5615,
        "spatial_reference_note": "Geographic coordinates unavailable because input imagery is not georeferenced."
      }
    },
    {
      "type": "Feature",
      "geometry": {
        "type": "Polygon",
        "coordinates": [
          [
            [
              23.0,
              609.0
            ],
            [
              22.0,
              610.0
            ],
            [
              15.0,
              612.0
            ],
            [
              9.0,
              617.0
            ],
            [
              9.0,
              621.0
            ],
            [
              4.0,
              625.0
            ],
            [
              4.0,
              629.0
            ],
            [
              5.0,
              630.0
            ],
            [
              5.0,
              634.0
            ],
            [
              8.0,
              640.0
            ],
            [
              15.0,
              642.0
            ],
            [
              16.0,
              643.0
            ],
            [
              18.0,
              643.0
            ],
            [
              23.0,
              646.0
            ],
            [
              25.0,
              646.0
            ],
            [
              25.0,
              644.0
            ],
            [
              26.0,
              643.0
            ],
            [
              26.0,
              637.0
            ],
            [
              29.0,
              634.0
            ],
            [
              29.0,
              633.0
            ],
            [
              33.0,
              630.0
            ],
            [
              33.0,
              626.0
            ],
            [
              30.0,
              621.0
            ],
            [
              30.0,
              618.0
            ],
            [
              25.0,
              609.0
            ],
            [
              23.0,
              609.0
            ]
          ]
        ]
      },
      "properties": {
        "building_id": "tile8_image_part_007_bldg_0014",
        "source_image": "tile8_image_part_007.jpg",
        "area_pixels": 702.0,
        "perimeter_pixels": 106.34,
        "mean_confidence": 0.5866,
        "spatial_reference_note": "Geographic coordinates unavailable because input imagery is not georeferenced."
      }
    },
    {
      "type": "Feature",
      "geometry": {
        "type": "Polygon",
        "coordinates": [
          [
            [
              36.0,
              647.0
            ],
            [
              34.0,
              647.0
            ],
            [
              33.0,
              648.0
            ],
            [
              32.0,
              648.0
            ],
            [
              31.0,
              649.0
            ],
            [
              27.0,
              649.0
            ],
            [
              27.0,
              653.0
            ],
            [
              30.0,
              656.0
            ],
            [
              30.0,
              657.0
            ],
            [
              36.0,
              657.0
            ],
            [
              36.0,
              647.0
            ]
          ]
        ]
      },
      "properties": {
        "building_id": "tile8_image_part_007_bldg_0015",
        "source_image": "tile8_image_part_007.jpg",
        "area_pixels": 71.5,
        "perimeter_pixels": 35.07,
        "mean_confidence": 0.529,
        "spatial_reference_note": "Geographic coordinates unavailable because input imagery is not georeferenced."
      }
    },
    {
      "type": "Feature",
      "geometry": {
        "type": "Polygon",
        "coordinates": [
          [
            [
              0.0,
              703.0
            ],
            [
              0.0,
              763.0
            ],
            [
              31.0,
              794.0
            ],
            [
              85.0,
              826.0
            ],
            [
              116.0,
              834.0
            ],
            [
              160.0,
              829.0
            ],
            [
              177.0,
              820.0
            ],
            [
              207.0,
              784.0
            ],
            [
              194.0,
              713.0
            ],
            [
              182.0,
              697.0
            ],
            [
              157.0,
              681.0
            ],
            [
              126.0,
              673.0
            ],
            [
              98.0,
              678.0
            ],
            [
              73.0,
              697.0
            ],
            [
              65.0,
              716.0
            ],
            [
              34.0,
              724.0
            ],
            [
              21.0,
              718.0
            ],
            [
              24.0,
              702.0
            ],
            [
              19.0,
              693.0
            ],
            [
              11.0,
              693.0
            ],
            [
              0.0,
              703.0
            ]
          ]
        ]
      },
      "properties": {
        "building_id": "tile8_image_part_007_bldg_0016",
        "source_image": "tile8_image_part_007.jpg",
        "area_pixels": 23837.5,
        "perimeter_pixels": 639.12,
        "mean_confidence": 0.8707,
        "spatial_reference_note": "Geographic coordinates unavailable because input imagery is not georeferenced."
      }
    },
    {
      "type": "Feature",
      "geometry": {
        "type": "Polygon",
        "coordinates": [
          [
            [
              257.0,
              757.0
            ],
            [
              241.0,
              764.0
            ],
            [
              218.0,
              782.0
            ],
            [
              223.0,
              790.0
            ],
            [
              224.0,
              804.0
            ],
            [
              218.0,
              825.0
            ],
            [
              208.0,
              841.0
            ],
            [
              208.0,
              861.0
            ],
            [
              222.0,
              877.0
            ],
            [
              236.0,
              884.0
            ],
            [
              256.0,
              887.0
            ],
            [
              266.0,
              903.0
            ],
            [
              304.0,
              909.0
            ],
            [
              328.0,
              896.0
            ],
            [
              365.0,
              855.0
            ],
            [
              369.0,
              827.0
            ],
            [
              362.0,
              802.0
            ],
            [
              352.0,
              786.0
            ],
            [
              327.0,
              765.0
            ],
            [
              305.0,
              756.0
            ],
            [
              283.0,
              753.0
            ],
            [
              257.0,
              757.0
            ]
          ]
        ]
      },
      "properties": {
        "building_id": "tile8_image_part_007_bldg_0017",
        "source_image": "tile8_image_part_007.jpg",
        "area_pixels": 18572.5,
        "perimeter_pixels": 505.89,
        "mean_confidence": 0.8101,
        "spatial_reference_note": "Geographic coordinates unavailable because input imagery is not georeferenced."
      }
    },
    {
      "type": "Feature",
      "geometry": {
        "type": "Polygon",
        "coordinates": [
          [
            [
              441.0,
              819.0
            ],
            [
              412.0,
              838.0
            ],
            [
              400.0,
              853.0
            ],
            [
              393.0,
              873.0
            ],
            [
              375.0,
              902.0
            ],
            [
              366.0,
              939.0
            ],
            [
              369.0,
              954.0
            ],
            [
              378.0,
              964.0
            ],
            [
              431.0,
              988.0
            ],
            [
              465.0,
              987.0
            ],
            [
              486.0,
              973.0
            ],
            [
              514.0,
              937.0
            ],
            [
              519.0,
              914.0
            ],
            [
              512.0,
              889.0
            ],
            [
              519.0,
              872.0
            ],
            [
              519.0,
              856.0
            ],
            [
              506.0,
              841.0
            ],
            [
              484.0,
              826.0
            ],
            [
              441.0,
              819.0
            ]
          ]
        ]
      },
      "properties": {
        "building_id": "tile8_image_part_007_bldg_0018",
        "source_image": "tile8_image_part_007.jpg",
        "area_pixels": 19366.0,
        "perimeter_pixels": 513.0,
        "mean_confidence": 0.8169,
        "spatial_reference_note": "Geographic coordinates unavailable because input imagery is not georeferenced."
      }
    },
    {
      "type": "Feature",
      "geometry": {
        "type": "Polygon",
        "coordinates": [
          [
            [
              18.0,
              867.0
            ],
            [
              17.0,
              888.0
            ],
            [
              19.0,
              897.0
            ],
            [
              25.0,
              901.0
            ],
            [
              25.0,
              905.0
            ],
            [
              17.0,
              922.0
            ],
            [
              0.0,
              937.0
            ],
            [
              0.0,
              998.0
            ],
            [
              20.0,
              1002.0
            ],
            [
              44.0,
              989.0
            ],
            [
              65.0,
              973.0
            ],
            [
              81.0,
              954.0
            ],
            [
              87.0,
              926.0
            ],
            [
              81.0,
              909.0
            ],
            [
              68.0,
              889.0
            ],
            [
              47.0,
              876.0
            ],
            [
              25.0,
              880.0
            ],
            [
              21.0,
              868.0
            ],
            [
              18.0,
              867.0
            ]
          ]
        ]
      },
      "properties": {
        "building_id": "tile8_image_part_007_bldg_0019",
        "source_image": "tile8_image_part_007.jpg",
        "area_pixels": 7602.0,
        "perimeter_pixels": 376.23,
        "mean_confidence": 0.8351,
        "spatial_reference_note": "Geographic coordinates unavailable because input imagery is not georeferenced."
      }
    },
    {
      "type": "Feature",
      "geometry": {
        "type": "Polygon",
        "coordinates": [
          [
            [
              568.0,
              934.0
            ],
            [
              549.0,
              946.0
            ],
            [
              533.0,
              976.0
            ],
            [
              507.0,
              1003.0
            ],
            [
              498.0,
              1022.0
            ],
            [
              497.0,
              1040.0
            ],
            [
              509.0,
              1056.0
            ],
            [
              542.0,
              1070.0
            ],
            [
              567.0,
              1088.0
            ],
            [
              590.0,
              1093.0
            ],
            [
              608.0,
              1092.0
            ],
            [
              627.0,
              1083.0
            ],
            [
              665.0,
              1040.0
            ],
            [
              674.0,
              1023.0
            ],
            [
              674.0,
              1010.0
            ],
            [
              665.0,
              986.0
            ],
            [
              620.0,
              941.0
            ],
            [
              595.0,
              932.0
            ],
            [
              568.0,
              934.0
            ]
          ]
        ]
      },
      "properties": {
        "building_id": "tile8_image_part_007_bldg_0020",
        "source_image": "tile8_image_part_007.jpg",
        "area_pixels": 19610.0,
        "perimeter_pixels": 514.78,
        "mean_confidence": 0.8542,
        "spatial_reference_note": "Geographic coordinates unavailable because input imagery is not georeferenced."
      }
    },
    {
      "type": "Feature",
      "geometry": {
        "type": "Polygon",
        "coordinates": [
          [
            [
              2123.0,
              949.0
            ],
            [
              2107.0,
              966.0
            ],
            [
              2095.0,
              987.0
            ],
            [
              2062.0,
              1019.0
            ],
            [
              2055.0,
              1034.0
            ],
            [
              2055.0,
              1042.0
            ],
            [
              2058.0,
              1045.0
            ],
            [
              2074.0,
              1048.0
            ],
            [
              2081.0,
              1053.0
            ],
            [
              2083.0,
              1069.0
            ],
            [
              2105.0,
              1094.0
            ],
            [
              2124.0,
              1090.0
            ],
            [
              2134.0,
              1079.0
            ],
            [
              2140.0,
              1081.0
            ],
            [
              2143.0,
              972.0
            ],
            [
              2140.0,
              948.0
            ],
            [
              2123.0,
              949.0
            ]
          ]
        ]
      },
      "properties": {
        "building_id": "tile8_image_part_007_bldg_0021",
        "source_image": "tile8_image_part_007.jpg",
        "area_pixels": 7968.5,
        "perimeter_pixels": 387.47,
        "mean_confidence": 0.6874,
        "spatial_reference_note": "Geographic coordinates unavailable because input imagery is not georeferenced."
      }
    },
    {
      "type": "Feature",
      "geometry": {
        "type": "Polygon",
        "coordinates": [
          [
            [
              237.0,
              1021.0
            ],
            [
              225.0,
              1003.0
            ],
            [
              208.0,
              999.0
            ],
            [
              193.0,
              1008.0
            ],
            [
              188.0,
              1029.0
            ],
            [
              170.0,
              1045.0
            ],
            [
              153.0,
              1050.0
            ],
            [
              137.0,
              1049.0
            ],
            [
              120.0,
              1037.0
            ],
            [
              113.0,
              1019.0
            ],
            [
              114.0,
              1011.0
            ],
            [
              109.0,
              1005.0
            ],
            [
              96.0,
              1003.0
            ],
            [
              74.0,
              1035.0
            ],
            [
              73.0,
              1061.0
            ],
            [
              97.0,
              1090.0
            ],
            [
              114.0,
              1101.0
            ],
            [
              133.0,
              1106.0
            ],
            [
              174.0,
              1108.0
            ],
            [
              193.0,
              1103.0
            ],
            [
              219.0,
              1084.0
            ],
            [
              237.0,
              1021.0
            ]
          ]
        ]
      },
      "properties": {
        "building_id": "tile8_image_part_007_bldg_0022",
        "source_image": "tile8_image_part_007.jpg",
        "area_pixels": 11128.0,
        "perimeter_pixels": 505.97,
        "mean_confidence": 0.7966,
        "spatial_reference_note": "Geographic coordinates unavailable because input imagery is not georeferenced."
      }
    },
    {
      "type": "Feature",
      "geometry": {
        "type": "Polygon",
        "coordinates": [
          [
            [
              658.0,
              1103.0
            ],
            [
              654.0,
              1181.0
            ],
            [
              691.0,
              1215.0
            ],
            [
              670.0,
              1323.0
            ],
            [
              730.0,
              1368.0
            ],
            [
              954.0,
              1283.0
            ],
            [
              1173.0,
              1341.0
            ],
            [
              1250.0,
              1433.0
            ],
            [
              1312.0,
              1418.0
            ],
            [
              1415.0,
              1331.0
            ],
            [
              1535.0,
              1406.0
            ],
            [
              1557.0,
              1473.0
            ],
            [
              1694.0,
              1473.0
            ],
            [
              1722.0,
              1442.0
            ],
            [
              1603.0,
              1340.0
            ],
            [
              1430.0,
              1292.0
            ],
            [
              1407.0,
              1327.0
            ],
            [
              1388.0,
              1270.0
            ],
            [
              1239.0,
              1270.0
            ],
            [
              1099.0,
              1172.0
            ],
            [
              1002.0,
              1239.0
            ],
            [
              978.0,
              1146.0
            ],
            [
              920.0,
              1113.0
            ],
            [
              856.0,
              1130.0
            ],
            [
              814.0,
              1222.0
            ],
            [
              735.0,
              1201.0
            ],
            [
              816.0,
              1150.0
            ],
            [
              837.0,
              1100.0
            ],
            [
              821.0,
              1056.0
            ],
            [
              763.0,
              1019.0
            ],
            [
              707.0,
              1030.0
            ],
            [
              658.0,
              1103.0
            ]
          ]
        ]
      },
      "properties": {
        "building_id": "tile8_image_part_007_bldg_0023",
        "source_image": "tile8_image_part_007.jpg",
        "area_pixels": 149021.5,
        "perimeter_pixels": 3187.34,
        "mean_confidence": 0.8451,
        "spatial_reference_note": "Geographic coordinates unavailable because input imagery is not georeferenced."
      }
    },
    {
      "type": "Feature",
      "geometry": {
        "type": "Polygon",
        "coordinates": [
          [
            [
              268.0,
              1064.0
            ],
            [
              245.0,
              1087.0
            ],
            [
              234.0,
              1139.0
            ],
            [
              242.0,
              1164.0
            ],
            [
              275.0,
              1192.0
            ],
            [
              313.0,
              1206.0
            ],
            [
              358.0,
              1206.0
            ],
            [
              390.0,
              1192.0
            ],
            [
              407.0,
              1170.0
            ],
            [
              408.0,
              1153.0
            ],
            [
              401.0,
              1142.0
            ],
            [
              405.0,
              1107.0
            ],
            [
              380.0,
              1087.0
            ],
            [
              352.0,
              1091.0
            ],
            [
              355.0,
              1119.0
            ],
            [
              348.0,
              1134.0
            ],
            [
              325.0,
              1143.0
            ],
            [
              310.0,
              1133.0
            ],
            [
              306.0,
              1114.0
            ],
            [
              317.0,
              1094.0
            ],
            [
              349.0,
              1084.0
            ],
            [
              354.0,
              1065.0
            ],
            [
              350.0,
              1051.0
            ],
            [
              318.0,
              1041.0
            ],
            [
              268.0,
              1064.0
            ]
          ]
        ]
      },
      "properties": {
        "building_id": "tile8_image_part_007_bldg_0024",
        "source_image": "tile8_image_part_007.jpg",
        "area_pixels": 18809.0,
        "perimeter_pixels": 715.01,
        "mean_confidence": 0.8683,
        "spatial_reference_note": "Geographic coordinates unavailable because input imagery is not georeferenced."
      }
    },
    {
      "type": "Feature",
      "geometry": {
        "type": "Polygon",
        "coordinates": [
          [
            [
              2045.0,
              1065.0
            ],
            [
              2035.0,
              1060.0
            ],
            [
              2029.0,
              1063.0
            ],
            [
              2022.0,
              1063.0
            ],
            [
              2018.0,
              1067.0
            ],
            [
              2016.0,
              1072.0
            ],
            [
              2011.0,
              1076.0
            ],
            [
              2007.0,
              1087.0
            ],
            [
              2007.0,
              1093.0
            ],
            [
              2010.0,
              1110.0
            ],
            [
              2012.0,
              1113.0
            ],
            [
              2019.0,
              1115.0
            ],
            [
              2029.0,
              1115.0
            ],
            [
              2043.0,
              1112.0
            ],
            [
              2052.0,
              1108.0
            ],
            [
              2055.0,
              1100.0
            ],
            [
              2061.0,
              1097.0
            ],
            [
              2058.0,
              1090.0
            ],
            [
              2058.0,
              1080.0
            ],
            [
              2054.0,
              1076.0
            ],
            [
              2053.0,
              1072.0
            ],
            [
              2045.0,
              1065.0
            ]
          ]
        ]
      },
      "properties": {
        "building_id": "tile8_image_part_007_bldg_0025",
        "source_image": "tile8_image_part_007.jpg",
        "area_pixels": 2213.0,
        "perimeter_pixels": 175.63,
        "mean_confidence": 0.6361,
        "spatial_reference_note": "Geographic coordinates unavailable because input imagery is not georeferenced."
      }
    },
    {
      "type": "Feature",
      "geometry": {
        "type": "Polygon",
        "coordinates": [
          [
            [
              1653.0,
              1079.0
            ],
            [
              1623.0,
              1103.0
            ],
            [
              1581.0,
              1200.0
            ],
            [
              1542.0,
              1230.0
            ],
            [
              1537.0,
              1256.0
            ],
            [
              1647.0,
              1320.0
            ],
            [
              1676.0,
              1325.0
            ],
            [
              1712.0,
              1313.0
            ],
            [
              1715.0,
              1344.0
            ],
            [
              1729.0,
              1363.0
            ],
            [
              1760.0,
              1365.0
            ],
            [
              1772.0,
              1356.0
            ],
            [
              1779.0,
              1330.0
            ],
            [
              1751.0,
              1288.0
            ],
            [
              1756.0,
              1270.0
            ],
            [
              1820.0,
              1259.0
            ],
            [
              1828.0,
              1251.0
            ],
            [
              1827.0,
              1236.0
            ],
            [
              1809.0,
              1222.0
            ],
            [
              1801.0,
              1202.0
            ],
            [
              1818.0,
              1184.0
            ],
            [
              1818.0,
              1169.0
            ],
            [
              1787.0,
              1145.0
            ],
            [
              1776.0,
              1125.0
            ],
            [
              1745.0,
              1121.0
            ],
            [
              1689.0,
              1083.0
            ],
            [
              1653.0,
              1079.0
            ]
          ]
        ]
      },
      "properties": {
        "building_id": "tile8_image_part_007_bldg_0026",
        "source_image": "tile8_image_part_007.jpg",
        "area_pixels": 47906.5,
        "perimeter_pixels": 983.91,
        "mean_confidence": 0.8402,
        "spatial_reference_note": "Geographic coordinates unavailable because input imagery is not georeferenced."
      }
    },
    {
      "type": "Feature",
      "geometry": {
        "type": "Polygon",
        "coordinates": [
          [
            [
              2066.0,
              1108.0
            ],
            [
              2066.0,
              1114.0
            ],
            [
              2068.0,
              1116.0
            ],
            [
              2068.0,
              1119.0
            ],
            [
              2065.0,
              1122.0
            ],
            [
              2065.0,
              1124.0
            ],
            [
              2066.0,
              1125.0
            ],
            [
              2066.0,
              1130.0
            ],
            [
              2068.0,
              1132.0
            ],
            [
              2074.0,
              1133.0
            ],
            [
              2079.0,
              1137.0
            ],
            [
              2085.0,
              1137.0
            ],
            [
              2090.0,
              1130.0
            ],
            [
              2096.0,
              1130.0
            ],
            [
              2096.0,
              1128.0
            ],
            [
              2093.0,
              1122.0
            ],
            [
              2091.0,
              1120.0
            ],
            [
              2087.0,
              1119.0
            ],
            [
              2083.0,
              1116.0
            ],
            [
              2082.0,
              1111.0
            ],
            [
              2079.0,
              1107.0
            ],
            [
              2067.0,
              1107.0
            ],
            [
              2066.0,
              1108.0
            ]
          ]
        ]
      },
      "properties": {
        "building_id": "tile8_image_part_007_bldg_0027",
        "source_image": "tile8_image_part_007.jpg",
        "area_pixels": 597.5,
        "perimeter_pixels": 104.57,
        "mean_confidence": 0.551,
        "spatial_reference_note": "Geographic coordinates unavailable because input imagery is not georeferenced."
      }
    },
    {
      "type": "Feature",
      "geometry": {
        "type": "Polygon",
        "coordinates": [
          [
            [
              456.0,
              1134.0
            ],
            [
              443.0,
              1144.0
            ],
            [
              432.0,
              1161.0
            ],
            [
              414.0,
              1214.0
            ],
            [
              422.0,
              1251.0
            ],
            [
              445.0,
              1271.0
            ],
            [
              483.0,
              1288.0
            ],
            [
              501.0,
              1291.0
            ],
            [
              540.0,
              1289.0
            ],
            [
              572.0,
              1272.0
            ],
            [
              598.0,
              1235.0
            ],
            [
              597.0,
              1201.0
            ],
            [
              586.0,
              1179.0
            ],
            [
              563.0,
              1161.0
            ],
            [
              555.0,
              1141.0
            ],
            [
              520.0,
              1125.0
            ],
            [
              477.0,
              1128.0
            ],
            [
              456.0,
              1134.0
            ]
          ]
        ]
      },
      "properties": {
        "building_id": "tile8_image_part_007_bldg_0028",
        "source_image": "tile8_image_part_007.jpg",
        "area_pixels": 23441.0,
        "perimeter_pixels": 554.13,
        "mean_confidence": 0.8896,
        "spatial_reference_note": "Geographic coordinates unavailable because input imagery is not georeferenced."
      }
    },
    {
      "type": "Feature",
      "geometry": {
        "type": "Polygon",
        "coordinates": [
          [
            [
              2100.0,
              1138.0
            ],
            [
              2099.0,
              1139.0
            ],
            [
              2099.0,
              1146.0
            ],
            [
              2100.0,
              1147.0
            ],
            [
              2107.0,
              1147.0
            ],
            [
              2108.0,
              1146.0
            ],
            [
              2108.0,
              1142.0
            ],
            [
              2107.0,
              1141.0
            ],
            [
              2107.0,
              1140.0
            ],
            [
              2106.0,
              1140.0
            ],
            [
              2105.0,
              1139.0
            ],
            [
              2104.0,
              1139.0
            ],
            [
              2103.0,
              1138.0
            ],
            [
              2100.0,
              1138.0
            ]
          ]
        ]
      },
      "properties": {
        "building_id": "tile8_image_part_007_bldg_0029",
        "source_image": "tile8_image_part_007.jpg",
        "area_pixels": 71.0,
        "perimeter_pixels": 32.49,
        "mean_confidence": 0.5124,
        "spatial_reference_note": "Geographic coordinates unavailable because input imagery is not georeferenced."
      }
    },
    {
      "type": "Feature",
      "geometry": {
        "type": "Polygon",
        "coordinates": [
          [
            [
              0.0,
              1161.0
            ],
            [
              0.0,
              1223.0
            ],
            [
              12.0,
              1241.0
            ],
            [
              46.0,
              1214.0
            ],
            [
              68.0,
              1233.0
            ],
            [
              42.0,
              1267.0
            ],
            [
              28.0,
              1266.0
            ],
            [
              12.0,
              1245.0
            ],
            [
              4.0,
              1280.0
            ],
            [
              30.0,
              1311.0
            ],
            [
              120.0,
              1297.0
            ],
            [
              121.0,
              1367.0
            ],
            [
              143.0,
              1393.0
            ],
            [
              184.0,
              1411.0
            ],
            [
              216.0,
              1411.0
            ],
            [
              228.0,
              1400.0
            ],
            [
              233.0,
              1379.0
            ],
            [
              219.0,
              1361.0
            ],
            [
              171.0,
              1345.0
            ],
            [
              175.0,
              1322.0
            ],
            [
              196.0,
              1305.0
            ],
            [
              231.0,
              1321.0
            ],
            [
              248.0,
              1366.0
            ],
            [
              265.0,
              1369.0
            ],
            [
              281.0,
              1357.0
            ],
            [
              276.0,
              1280.0
            ],
            [
              260.0,
              1263.0
            ],
            [
              218.0,
              1249.0
            ],
            [
              141.0,
              1270.0
            ],
            [
              146.0,
              1221.0
            ],
            [
              103.0,
              1166.0
            ],
            [
              61.0,
              1149.0
            ],
            [
              0.0,
              1161.0
            ]
          ]
        ]
      },
      "properties": {
        "building_id": "tile8_image_part_007_bldg_0030",
        "source_image": "tile8_image_part_007.jpg",
        "area_pixels": 34010.0,
        "perimeter_pixels": 1324.26,
        "mean_confidence": 0.8346,
        "spatial_reference_note": "Geographic coordinates unavailable because input imagery is not georeferenced."
      }
    },
    {
      "type": "Feature",
      "geometry": {
        "type": "Polygon",
        "coordinates": [
          [
            [
              2014.0,
              1152.0
            ],
            [
              2001.0,
              1154.0
            ],
            [
              1994.0,
              1161.0
            ],
            [
              1990.0,
              1162.0
            ],
            [
              1989.0,
              1171.0
            ],
            [
              1986.0,
              1175.0
            ],
            [
              1978.0,
              1175.0
            ],
            [
              1962.0,
              1187.0
            ],
            [
              1954.0,
              1188.0
            ],
            [
              1949.0,
              1199.0
            ],
            [
              1940.0,
              1210.0
            ],
            [
              1932.0,
              1233.0
            ],
            [
              1934.0,
              1240.0
            ],
            [
              1957.0,
              1245.0
            ],
            [
              1984.0,
              1232.0
            ],
            [
              1995.0,
              1204.0
            ],
            [
              1998.0,
              1181.0
            ],
            [
              2017.0,
              1161.0
            ],
            [
              2017.0,
              1156.0
            ],
            [
              2014.0,
              1152.0
            ]
          ]
        ]
      },
      "properties": {
        "building_id": "tile8_image_part_007_bldg_0031",
        "source_image": "tile8_image_part_007.jpg",
        "area_pixels": 3453.5,
        "perimeter_pixels": 279.59,
        "mean_confidence": 0.677,
        "spatial_reference_note": "Geographic coordinates unavailable because input imagery is not georeferenced."
      }
    },
    {
      "type": "Feature",
      "geometry": {
        "type": "Polygon",
        "coordinates": [
          [
            [
              1825.0,
              1183.0
            ],
            [
              1824.0,
              1184.0
            ],
            [
              1824.0,
              1187.0
            ],
            [
              1825.0,
              1188.0
            ],
            [
              1825.0,
              1190.0
            ],
            [
              1826.0,
              1191.0
            ],
            [
              1826.0,
              1192.0
            ],
            [
              1827.0,
              1192.0
            ],
            [
              1828.0,
              1193.0
            ],
            [
              1834.0,
              1193.0
            ],
            [
              1834.0,
              1191.0
            ],
            [
              1833.0,
              1190.0
            ],
            [
              1832.0,
              1190.0
            ],
            [
              1830.0,
              1188.0
            ],
            [
              1830.0,
              1187.0
            ],
            [
              1829.0,
              1186.0
            ],
            [
              1829.0,
              1184.0
            ],
            [
              1828.0,
              1183.0
            ],
            [
              1825.0,
              1183.0
            ]
          ]
        ]
      },
      "properties": {
        "building_id": "tile8_image_part_007_bldg_0032",
        "source_image": "tile8_image_part_007.jpg",
        "area_pixels": 59.5,
        "perimeter_pixels": 34.73,
        "mean_confidence": 0.5228,
        "spatial_reference_note": "Geographic coordinates unavailable because input imagery is not georeferenced."
      }
    },
    {
      "type": "Feature",
      "geometry": {
        "type": "Polygon",
        "coordinates": [
          [
            [
              1812.0,
              1469.0
            ],
            [
              2119.0,
              1473.0
            ],
            [
              2142.0,
              1453.0
            ],
            [
              2140.0,
              1436.0
            ],
            [
              2135.0,
              1446.0
            ],
            [
              2122.0,
              1444.0
            ],
            [
              2126.0,
              1425.0
            ],
            [
              2141.0,
              1420.0
            ],
            [
              2140.0,
              1296.0
            ],
            [
              2093.0,
              1297.0
            ],
            [
              2062.0,
              1313.0
            ],
            [
              2059.0,
              1371.0
            ],
            [
              2032.0,
              1388.0
            ],
            [
              1999.0,
              1386.0
            ],
            [
              1992.0,
              1359.0
            ],
            [
              1960.0,
              1343.0
            ],
            [
              1986.0,
              1319.0
            ],
            [
              1984.0,
              1284.0
            ],
            [
              1910.0,
              1283.0
            ],
            [
              1862.0,
              1318.0
            ],
            [
              1812.0,
              1469.0
            ]
          ]
        ]
      },
      "properties": {
        "building_id": "tile8_image_part_007_bldg_0033",
        "source_image": "tile8_image_part_007.jpg",
        "area_pixels": 45736.0,
        "perimeter_pixels": 1169.71,
        "mean_confidence": 0.7608,
        "spatial_reference_note": "Geographic coordinates unavailable because input imagery is not georeferenced."
      }
    },
    {
      "type": "Feature",
      "geometry": {
        "type": "Polygon",
        "coordinates": [
          [
            [
              835.0,
              1412.0
            ],
            [
              841.0,
              1431.0
            ],
            [
              867.0,
              1444.0
            ],
            [
              890.0,
              1474.0
            ],
            [
              1045.0,
              1467.0
            ],
            [
              1069.0,
              1474.0
            ],
            [
              1171.0,
              1475.0
            ],
            [
              1193.0,
              1468.0
            ],
            [
              1153.0,
              1434.0
            ],
            [
              1073.0,
              1418.0
            ],
            [
              1074.0,
              1437.0
            ],
            [
              1060.0,
              1452.0
            ],
            [
              1052.0,
              1450.0
            ],
            [
              1022.0,
              1376.0
            ],
            [
              998.0,
              1353.0
            ],
            [
              967.0,
              1337.0
            ],
            [
              947.0,
              1337.0
            ],
            [
              877.0,
              1361.0
            ],
            [
              835.0,
              1412.0
            ]
          ]
        ]
      },
      "properties": {
        "building_id": "tile8_image_part_007_bldg_0034",
        "source_image": "tile8_image_part_007.jpg",
        "area_pixels": 26693.0,
        "perimeter_pixels": 881.96,
        "mean_confidence": 0.7957,
        "spatial_reference_note": "Geographic coordinates unavailable because input imagery is not georeferenced."
      }
    },
    {
      "type": "Feature",
      "geometry": {
        "type": "Polygon",
        "coordinates": [
          [
            [
              227.0,
              1442.0
            ],
            [
              244.0,
              1470.0
            ],
            [
              264.0,
              1475.0
            ],
            [
              332.0,
              1469.0
            ],
            [
              537.0,
              1476.0
            ],
            [
              586.0,
              1469.0
            ],
            [
              580.0,
              1450.0
            ],
            [
              482.0,
              1407.0
            ],
            [
              444.0,
              1398.0
            ],
            [
              395.0,
              1368.0
            ],
            [
              372.0,
              1364.0
            ],
            [
              320.0,
              1368.0
            ],
            [
              297.0,
              1377.0
            ],
            [
              283.0,
              1407.0
            ],
            [
              275.0,
              1407.0
            ],
            [
              227.0,
              1442.0
            ]
          ]
        ]
      },
      "properties": {
        "building_id": "tile8_image_part_007_bldg_0035",
        "source_image": "tile8_image_part_007.jpg",
        "area_pixels": 25363.5,
        "perimeter_pixels": 800.41,
        "mean_confidence": 0.8502,
        "spatial_reference_note": "Geographic coordinates unavailable because input imagery is not georeferenced."
      }
    },
    {
      "type": "Feature",
      "geometry": {
        "type": "Polygon",
        "coordinates": [
          [
            [
              0.0,
              1420.0
            ],
            [
              0.0,
              1463.0
            ],
            [
              9.0,
              1473.0
            ],
            [
              153.0,
              1473.0
            ],
            [
              154.0,
              1465.0
            ],
            [
              149.0,
              1457.0
            ],
            [
              131.0,
              1447.0
            ],
            [
              126.0,
              1437.0
            ],
            [
              118.0,
              1431.0
            ],
            [
              116.0,
              1424.0
            ],
            [
              101.0,
              1411.0
            ],
            [
              84.0,
              1407.0
            ],
            [
              25.0,
              1409.0
            ],
            [
              8.0,
              1420.0
            ],
            [
              0.0,
              1420.0
            ]
          ]
        ]
      },
      "properties": {
        "building_id": "tile8_image_part_007_bldg_0036",
        "source_image": "tile8_image_part_007.jpg",
        "area_pixels": 8121.0,
        "perimeter_pixels": 391.6,
        "mean_confidence": 0.8479,
        "spatial_reference_note": "Geographic coordinates unavailable because input imagery is not georeferenced."
      }
    },
    {
      "type": "Feature",
      "geometry": {
        "type": "Polygon",
        "coordinates": [
          [
            [
              1461.0,
              1455.0
            ],
            [
              1458.0,
              1446.0
            ],
            [
              1452.0,
              1444.0
            ],
            [
              1431.0,
              1421.0
            ],
            [
              1422.0,
              1415.0
            ],
            [
              1398.0,
              1410.0
            ],
            [
              1367.0,
              1416.0
            ],
            [
              1349.0,
              1424.0
            ],
            [
              1328.0,
              1444.0
            ],
            [
              1296.0,
              1454.0
            ],
            [
              1291.0,
              1466.0
            ],
            [
              1294.0,
              1473.0
            ],
            [
              1438.0,
              1475.0
            ],
            [
              1448.0,
              1474.0
            ],
            [
              1457.0,
              1468.0
            ],
            [
              1461.0,
              1455.0
            ]
          ]
        ]
      },
      "properties": {
        "building_id": "tile8_image_part_007_bldg_0037",
        "source_image": "tile8_image_part_007.jpg",
        "area_pixels": 7583.5,
        "perimeter_pixels": 395.18,
        "mean_confidence": 0.8163,
        "spatial_reference_note": "Geographic coordinates unavailable because input imagery is not georeferenced."
      }
    },
    {
      "type": "Feature",
      "geometry": {
        "type": "Polygon",
        "coordinates": [
          [
            [
              958.0,
              4.0
            ],
            [
              698.0,
              9.0
            ],
            [
              707.0,
              48.0
            ],
            [
              755.0,
              79.0
            ],
            [
              761.0,
              96.0
            ],
            [
              749.0,
              99.0
            ],
            [
              709.0,
              54.0
            ],
            [
              678.0,
              44.0
            ],
            [
              671.0,
              13.0
            ],
            [
              591.0,
              0.0
            ],
            [
              430.0,
              113.0
            ],
            [
              407.0,
              162.0
            ],
            [
              460.0,
              248.0
            ],
            [
              501.0,
              371.0
            ],
            [
              524.0,
              371.0
            ],
            [
              568.0,
              341.0
            ],
            [
              590.0,
              301.0
            ],
            [
              641.0,
              302.0
            ],
            [
              733.0,
              244.0
            ],
            [
              797.0,
              186.0
            ],
            [
              802.0,
              146.0
            ],
            [
              831.0,
              151.0
            ],
            [
              865.0,
              130.0
            ],
            [
              958.0,
              4.0
            ]
          ]
        ]
      },
      "properties": {
        "building_id": "tile8_image_part_008_bldg_0001",
        "source_image": "tile8_image_part_008.jpg",
        "area_pixels": 108622.5,
        "perimeter_pixels": 1709.07,
        "mean_confidence": 0.8755,
        "spatial_reference_note": "Geographic coordinates unavailable because input imagery is not georeferenced."
      }
    },
    {
      "type": "Feature",
      "geometry": {
        "type": "Polygon",
        "coordinates": [
          [
            [
              1995.0,
              16.0
            ],
            [
              1992.0,
              36.0
            ],
            [
              1997.0,
              42.0
            ],
            [
              1996.0,
              56.0
            ],
            [
              2024.0,
              84.0
            ],
            [
              2078.0,
              101.0
            ],
            [
              2108.0,
              101.0
            ],
            [
              2121.0,
              93.0
            ],
            [
              2123.0,
              82.0
            ],
            [
              2119.0,
              76.0
            ],
            [
              2112.0,
              79.0
            ],
            [
              2111.0,
              73.0
            ],
            [
              2123.0,
              66.0
            ],
            [
              2127.0,
              49.0
            ],
            [
              2133.0,
              39.0
            ],
            [
              2140.0,
              35.0
            ],
            [
              2141.0,
              9.0
            ],
            [
              2128.0,
              0.0
            ],
            [
              2039.0,
              0.0
            ],
            [
              1995.0,
              16.0
            ]
          ]
        ]
      },
      "properties": {
        "building_id": "tile8_image_part_008_bldg_0002",
        "source_image": "tile8_image_part_008.jpg",
        "area_pixels": 11753.0,
        "perimeter_pixels": 444.36,
        "mean_confidence": 0.7811,
        "spatial_reference_note": "Geographic coordinates unavailable because input imagery is not georeferenced."
      }
    },
    {
      "type": "Feature",
      "geometry": {
        "type": "Polygon",
        "coordinates": [
          [
            [
              1150.0,
              9.0
            ],
            [
              1009.0,
              33.0
            ],
            [
              867.0,
              222.0
            ],
            [
              282.0,
              616.0
            ],
            [
              311.0,
              727.0
            ],
            [
              191.0,
              692.0
            ],
            [
              0.0,
              931.0
            ],
            [
              19.0,
              1168.0
            ],
            [
              226.0,
              1188.0
            ],
            [
              328.0,
              1118.0
            ],
            [
              277.0,
              1070.0
            ],
            [
              463.0,
              1010.0
            ],
            [
              292.0,
              1260.0
            ],
            [
              553.0,
              1329.0
            ],
            [
              653.0,
              1271.0
            ],
            [
              566.0,
              1070.0
            ],
            [
              684.0,
              1163.0
            ],
            [
              799.0,
              1139.0
            ],
            [
              890.0,
              960.0
            ],
            [
              843.0,
              891.0
            ],
            [
              920.0,
              891.0
            ],
            [
              960.0,
              776.0
            ],
            [
              823.0,
              821.0
            ],
            [
              905.0,
              751.0
            ],
            [
              802.0,
              730.0
            ],
            [
              619.0,
              941.0
            ],
            [
              553.0,
              885.0
            ],
            [
              619.0,
              795.0
            ],
            [
              555.0,
              767.0
            ],
            [
              663.0,
              657.0
            ],
            [
              567.0,
              623.0
            ],
            [
              479.0,
              731.0
            ],
            [
              372.0,
              676.0
            ],
            [
              594.0,
              545.0
            ],
            [
              638.0,
              627.0
            ],
            [
              663.0,
              539.0
            ],
            [
              790.0,
              484.0
            ],
            [
              849.0,
              583.0
            ],
            [
              985.0,
              511.0
            ],
            [
              1059.0,
              586.0
            ],
            [
              1052.0,
              491.0
            ],
            [
              920.0,
              392.0
            ],
            [
              1155.0,
              430.0
            ],
            [
              1144.0,
              229.0
            ],
            [
              1011.0,
              124.0
            ],
            [
              1150.0,
              9.0
            ]
          ]
        ]
      },
      "properties": {
        "building_id": "tile8_image_part_008_bldg_0003",
        "source_image": "tile8_image_part_008.jpg",
        "area_pixels": 577888.5,
        "perimeter_pixels": 7548.31,
        "mean_confidence": 0.8246,
        "spatial_reference_note": "Geographic coordinates unavailable because input imagery is not georeferenced."
      }
    },
    {
      "type": "Feature",
      "geometry": {
        "type": "Polygon",
        "coordinates": [
          [
            [
              1345.0,
              30.0
            ],
            [
              1286.0,
              4.0
            ],
            [
              1253.0,
              5.0
            ],
            [
              1231.0,
              13.0
            ],
            [
              1209.0,
              75.0
            ],
            [
              1177.0,
              113.0
            ],
            [
              1165.0,
              140.0
            ],
            [
              1170.0,
              163.0
            ],
            [
              1202.0,
              193.0
            ],
            [
              1193.0,
              240.0
            ],
            [
              1199.0,
              253.0
            ],
            [
              1243.0,
              251.0
            ],
            [
              1265.0,
              229.0
            ],
            [
              1293.0,
              161.0
            ],
            [
              1307.0,
              148.0
            ],
            [
              1309.0,
              116.0
            ],
            [
              1323.0,
              109.0
            ],
            [
              1346.0,
              69.0
            ],
            [
              1353.0,
              42.0
            ],
            [
              1345.0,
              30.0
            ]
          ]
        ]
      },
      "properties": {
        "building_id": "tile8_image_part_008_bldg_0004",
        "source_image": "tile8_image_part_008.jpg",
        "area_pixels": 27118.0,
        "perimeter_pixels": 699.46,
        "mean_confidence": 0.7762,
        "spatial_reference_note": "Geographic coordinates unavailable because input imagery is not georeferenced."
      }
    },
    {
      "type": "Feature",
      "geometry": {
        "type": "Polygon",
        "coordinates": [
          [
            [
              331.0,
              43.0
            ],
            [
              330.0,
              44.0
            ],
            [
              330.0,
              47.0
            ],
            [
              331.0,
              48.0
            ],
            [
              331.0,
              56.0
            ],
            [
              329.0,
              58.0
            ],
            [
              329.0,
              60.0
            ],
            [
              331.0,
              62.0
            ],
            [
              331.0,
              63.0
            ],
            [
              334.0,
              63.0
            ],
            [
              335.0,
              62.0
            ],
            [
              335.0,
              61.0
            ],
            [
              336.0,
              60.0
            ],
            [
              336.0,
              58.0
            ],
            [
              335.0,
              57.0
            ],
            [
              335.0,
              56.0
            ],
            [
              334.0,
              55.0
            ],
            [
              334.0,
              48.0
            ],
            [
              335.0,
              47.0
            ],
            [
              335.0,
              44.0
            ],
            [
              334.0,
              43.0
            ],
            [
              331.0,
              43.0
            ]
          ]
        ]
      },
      "properties": {
        "building_id": "tile8_image_part_008_bldg_0005",
        "source_image": "tile8_image_part_008.jpg",
        "area_pixels": 86.0,
        "perimeter_pixels": 50.97,
        "mean_confidence": 0.5166,
        "spatial_reference_note": "Geographic coordinates unavailable because input imagery is not georeferenced."
      }
    },
    {
      "type": "Feature",
      "geometry": {
        "type": "Polygon",
        "coordinates": [
          [
            [
              203.0,
              68.0
            ],
            [
              0.0,
              158.0
            ],
            [
              0.0,
              552.0
            ],
            [
              29.0,
              643.0
            ],
            [
              0.0,
              668.0
            ],
            [
              12.0,
              789.0
            ],
            [
              173.0,
              638.0
            ],
            [
              180.0,
              586.0
            ],
            [
              150.0,
              527.0
            ],
            [
              215.0,
              572.0
            ],
            [
              282.0,
              552.0
            ],
            [
              391.0,
              455.0
            ],
            [
              371.0,
              437.0
            ],
            [
              398.0,
              436.0
            ],
            [
              454.0,
              376.0
            ],
            [
              430.0,
              309.0
            ],
            [
              325.0,
              188.0
            ],
            [
              288.0,
              185.0
            ],
            [
              109.0,
              261.0
            ],
            [
              84.0,
              252.0
            ],
            [
              87.0,
              213.0
            ],
            [
              245.0,
              136.0
            ],
            [
              249.0,
              111.0
            ],
            [
              203.0,
              68.0
            ]
          ]
        ]
      },
      "properties": {
        "building_id": "tile8_image_part_008_bldg_0006",
        "source_image": "tile8_image_part_008.jpg",
        "area_pixels": 177541.0,
        "perimeter_pixels": 2434.42,
        "mean_confidence": 0.8405,
        "spatial_reference_note": "Geographic coordinates unavailable because input imagery is not georeferenced."
      }
    },
    {
      "type": "Feature",
      "geometry": {
        "type": "Polygon",
        "coordinates": [
          [
            [
              2028.0,
              104.0
            ],
            [
              2031.0,
              120.0
            ],
            [
              2053.0,
              135.0
            ],
            [
              2063.0,
              190.0
            ],
            [
              2046.0,
              218.0
            ],
            [
              2046.0,
              260.0
            ],
            [
              2015.0,
              274.0
            ],
            [
              2011.0,
              247.0
            ],
            [
              1978.0,
              246.0
            ],
            [
              1975.0,
              258.0
            ],
            [
              2007.0,
              275.0
            ],
            [
              1993.0,
              308.0
            ],
            [
              2007.0,
              357.0
            ],
            [
              1989.0,
              388.0
            ],
            [
              2008.0,
              406.0
            ],
            [
              2012.0,
              443.0
            ],
            [
              2058.0,
              464.0
            ],
            [
              2066.0,
              431.0
            ],
            [
              2107.0,
              410.0
            ],
            [
              2121.0,
              378.0
            ],
            [
              2037.0,
              359.0
            ],
            [
              2107.0,
              333.0
            ],
            [
              2106.0,
              321.0
            ],
            [
              2083.0,
              306.0
            ],
            [
              2119.0,
              295.0
            ],
            [
              2111.0,
              266.0
            ],
            [
              2127.0,
              215.0
            ],
            [
              2089.0,
              193.0
            ],
            [
              2140.0,
              169.0
            ],
            [
              2142.0,
              123.0
            ],
            [
              2140.0,
              115.0
            ],
            [
              2067.0,
              119.0
            ],
            [
              2028.0,
              104.0
            ]
          ]
        ]
      },
      "properties": {
        "building_id": "tile8_image_part_008_bldg_0007",
        "source_image": "tile8_image_part_008.jpg",
        "area_pixels": 28718.0,
        "perimeter_pixels": 1258.98,
        "mean_confidence": 0.6942,
        "spatial_reference_note": "Geographic coordinates unavailable because input imagery is not georeferenced."
      }
    },
    {
      "type": "Feature",
      "geometry": {
        "type": "Polygon",
        "coordinates": [
          [
            [
              1645.0,
              401.0
            ],
            [
              1641.0,
              401.0
            ],
            [
              1638.0,
              404.0
            ],
            [
              1636.0,
              404.0
            ],
            [
              1630.0,
              410.0
            ],
            [
              1630.0,
              414.0
            ],
            [
              1628.0,
              416.0
            ],
            [
              1628.0,
              418.0
            ],
            [
              1627.0,
              419.0
            ],
            [
              1627.0,
              430.0
            ],
            [
              1636.0,
              439.0
            ],
            [
              1639.0,
              440.0
            ],
            [
              1641.0,
              444.0
            ],
            [
              1643.0,
              444.0
            ],
            [
              1643.0,
              442.0
            ],
            [
              1646.0,
              437.0
            ],
            [
              1649.0,
              434.0
            ],
            [
              1653.0,
              432.0
            ],
            [
              1654.0,
              430.0
            ],
            [
              1654.0,
              425.0
            ],
            [
              1661.0,
              418.0
            ],
            [
              1660.0,
              411.0
            ],
            [
              1658.0,
              407.0
            ],
            [
              1653.0,
              403.0
            ],
            [
              1648.0,
              403.0
            ],
            [
              1645.0,
              401.0
            ]
          ]
        ]
      },
      "properties": {
        "building_id": "tile8_image_part_008_bldg_0008",
        "source_image": "tile8_image_part_008.jpg",
        "area_pixels": 951.0,
        "perimeter_pixels": 122.57,
        "mean_confidence": 0.5826,
        "spatial_reference_note": "Geographic coordinates unavailable because input imagery is not georeferenced."
      }
    },
    {
      "type": "Feature",
      "geometry": {
        "type": "Polygon",
        "coordinates": [
          [
            [
              1599.0,
              487.0
            ],
            [
              1059.0,
              1473.0
            ],
            [
              1716.0,
              1472.0
            ],
            [
              1696.0,
              1396.0
            ],
            [
              1622.0,
              1369.0
            ],
            [
              1679.0,
              1333.0
            ],
            [
              1798.0,
              1440.0
            ],
            [
              1943.0,
              1358.0
            ],
            [
              1980.0,
              1382.0
            ],
            [
              1922.0,
              1465.0
            ],
            [
              2007.0,
              1473.0
            ],
            [
              2010.0,
              1431.0
            ],
            [
              2047.0,
              1473.0
            ],
            [
              2141.0,
              1457.0
            ],
            [
              2117.0,
              1365.0
            ],
            [
              2021.0,
              1342.0
            ],
            [
              2011.0,
              1227.0
            ],
            [
              1844.0,
              1286.0
            ],
            [
              1682.0,
              1140.0
            ],
            [
              1528.0,
              1265.0
            ],
            [
              1552.0,
              1380.0
            ],
            [
              1513.0,
              1445.0
            ],
            [
              1444.0,
              1294.0
            ],
            [
              1647.0,
              1023.0
            ],
            [
              1551.0,
              899.0
            ],
            [
              1616.0,
              894.0
            ],
            [
              1603.0,
              834.0
            ],
            [
              1653.0,
              822.0
            ],
            [
              1694.0,
              730.0
            ],
            [
              1599.0,
              487.0
            ]
          ]
        ]
      },
      "properties": {
        "building_id": "tile8_image_part_008_bldg_0009",
        "source_image": "tile8_image_part_008.jpg",
        "area_pixels": 360239.0,
        "perimeter_pixels": 5053.87,
        "mean_confidence": 0.8548,
        "spatial_reference_note": "Geographic coordinates unavailable because input imagery is not georeferenced."
      }
    },
    {
      "type": "Feature",
      "geometry": {
        "type": "Polygon",
        "coordinates": [
          [
            [
              2057.0,
              487.0
            ],
            [
              2039.0,
              488.0
            ],
            [
              2030.0,
              491.0
            ],
            [
              2019.0,
              500.0
            ],
            [
              2020.0,
              514.0
            ],
            [
              2017.0,
              519.0
            ],
            [
              2017.0,
              533.0
            ],
            [
              2020.0,
              552.0
            ],
            [
              2012.0,
              566.0
            ],
            [
              2011.0,
              578.0
            ],
            [
              2029.0,
              591.0
            ],
            [
              2045.0,
              592.0
            ],
            [
              2057.0,
              586.0
            ],
            [
              2067.0,
              575.0
            ],
            [
              2065.0,
              558.0
            ],
            [
              2066.0,
              536.0
            ],
            [
              2073.0,
              528.0
            ],
            [
              2076.0,
              504.0
            ],
            [
              2068.0,
              493.0
            ],
            [
              2057.0,
              487.0
            ]
          ]
        ]
      },
      "properties": {
        "building_id": "tile8_image_part_008_bldg_0010",
        "source_image": "tile8_image_part_008.jpg",
        "area_pixels": 5076.0,
        "perimeter_pixels": 289.6,
        "mean_confidence": 0.6896,
        "spatial_reference_note": "Geographic coordinates unavailable because input imagery is not georeferenced."
      }
    },
    {
      "type": "Feature",
      "geometry": {
        "type": "Polygon",
        "coordinates": [
          [
            [
              1038.0,
              618.0
            ],
            [
              1030.0,
              619.0
            ],
            [
              1029.0,
              612.0
            ],
            [
              1009.0,
              598.0
            ],
            [
              999.0,
              598.0
            ],
            [
              998.0,
              608.0
            ],
            [
              1007.0,
              611.0
            ],
            [
              1011.0,
              615.0
            ],
            [
              1011.0,
              619.0
            ],
            [
              1004.0,
              621.0
            ],
            [
              998.0,
              628.0
            ],
            [
              993.0,
              629.0
            ],
            [
              989.0,
              636.0
            ],
            [
              990.0,
              645.0
            ],
            [
              976.0,
              657.0
            ],
            [
              969.0,
              658.0
            ],
            [
              968.0,
              673.0
            ],
            [
              970.0,
              682.0
            ],
            [
              979.0,
              677.0
            ],
            [
              988.0,
              667.0
            ],
            [
              993.0,
              666.0
            ],
            [
              997.0,
              669.0
            ],
            [
              1017.0,
              668.0
            ],
            [
              1026.0,
              661.0
            ],
            [
              1032.0,
              661.0
            ],
            [
              1038.0,
              653.0
            ],
            [
              1036.0,
              640.0
            ],
            [
              1040.0,
              633.0
            ],
            [
              1038.0,
              618.0
            ]
          ]
        ]
      },
      "properties": {
        "building_id": "tile8_image_part_008_bldg_0011",
        "source_image": "tile8_image_part_008.jpg",
        "area_pixels": 2971.5,
        "perimeter_pixels": 284.84,
        "mean_confidence": 0.5765,
        "spatial_reference_note": "Geographic coordinates unavailable because input imagery is not georeferenced."
      }
    },
    {
      "type": "Feature",
      "geometry": {
        "type": "Polygon",
        "coordinates": [
          [
            [
              2122.0,
              809.0
            ],
            [
              2121.0,
              810.0
            ],
            [
              2121.0,
              815.0
            ],
            [
              2123.0,
              817.0
            ],
            [
              2125.0,
              817.0
            ],
            [
              2126.0,
              816.0
            ],
            [
              2127.0,
              816.0
            ],
            [
              2127.0,
              810.0
            ],
            [
              2126.0,
              809.0
            ],
            [
              2122.0,
              809.0
            ]
          ]
        ]
      },
      "properties": {
        "building_id": "tile8_image_part_008_bldg_0012",
        "source_image": "tile8_image_part_008.jpg",
        "area_pixels": 43.5,
        "perimeter_pixels": 25.07,
        "mean_confidence": 0.5238,
        "spatial_reference_note": "Geographic coordinates unavailable because input imagery is not georeferenced."
      }
    },
    {
      "type": "Feature",
      "geometry": {
        "type": "Polygon",
        "coordinates": [
          [
            [
              1865.0,
              1229.0
            ],
            [
              1865.0,
              1238.0
            ],
            [
              1866.0,
              1240.0
            ],
            [
              1879.0,
              1244.0
            ],
            [
              1893.0,
              1244.0
            ],
            [
              1905.0,
              1242.0
            ],
            [
              1910.0,
              1235.0
            ],
            [
              1912.0,
              1235.0
            ],
            [
              1914.0,
              1238.0
            ],
            [
              1917.0,
              1238.0
            ],
            [
              1915.0,
              1226.0
            ],
            [
              1920.0,
              1219.0
            ],
            [
              1919.0,
              1211.0
            ],
            [
              1911.0,
              1205.0
            ],
            [
              1888.0,
              1204.0
            ],
            [
              1884.0,
              1207.0
            ],
            [
              1878.0,
              1208.0
            ],
            [
              1873.0,
              1211.0
            ],
            [
              1871.0,
              1217.0
            ],
            [
              1868.0,
              1221.0
            ],
            [
              1867.0,
              1227.0
            ],
            [
              1865.0,
              1229.0
            ]
          ]
        ]
      },
      "properties": {
        "building_id": "tile8_image_part_008_bldg_0013",
        "source_image": "tile8_image_part_008.jpg",
        "area_pixels": 1753.0,
        "perimeter_pixels": 167.21,
        "mean_confidence": 0.658,
        "spatial_reference_note": "Geographic coordinates unavailable because input imagery is not georeferenced."
      }
    },
    {
      "type": "Feature",
      "geometry": {
        "type": "Polygon",
        "coordinates": [
          [
            [
              35.0,
              1300.0
            ],
            [
              0.0,
              1327.0
            ],
            [
              0.0,
              1344.0
            ],
            [
              6.0,
              1355.0
            ],
            [
              6.0,
              1374.0
            ],
            [
              0.0,
              1382.0
            ],
            [
              0.0,
              1472.0
            ],
            [
              91.0,
              1473.0
            ],
            [
              110.0,
              1436.0
            ],
            [
              108.0,
              1418.0
            ],
            [
              120.0,
              1400.0
            ],
            [
              117.0,
              1374.0
            ],
            [
              148.0,
              1335.0
            ],
            [
              150.0,
              1324.0
            ],
            [
              135.0,
              1307.0
            ],
            [
              109.0,
              1304.0
            ],
            [
              88.0,
              1316.0
            ],
            [
              96.0,
              1327.0
            ],
            [
              90.0,
              1338.0
            ],
            [
              75.0,
              1341.0
            ],
            [
              59.0,
              1311.0
            ],
            [
              35.0,
              1300.0
            ]
          ]
        ]
      },
      "properties": {
        "building_id": "tile8_image_part_008_bldg_0014",
        "source_image": "tile8_image_part_008.jpg",
        "area_pixels": 18782.0,
        "perimeter_pixels": 627.11,
        "mean_confidence": 0.7343,
        "spatial_reference_note": "Geographic coordinates unavailable because input imagery is not georeferenced."
      }
    },
    {
      "type": "Feature",
      "geometry": {
        "type": "Polygon",
        "coordinates": [
          [
            [
              685.0,
              1320.0
            ],
            [
              679.0,
              1320.0
            ],
            [
              675.0,
              1317.0
            ],
            [
              671.0,
              1317.0
            ],
            [
              663.0,
              1326.0
            ],
            [
              663.0,
              1328.0
            ],
            [
              658.0,
              1333.0
            ],
            [
              656.0,
              1338.0
            ],
            [
              650.0,
              1342.0
            ],
            [
              645.0,
              1352.0
            ],
            [
              645.0,
              1361.0
            ],
            [
              652.0,
              1362.0
            ],
            [
              658.0,
              1359.0
            ],
            [
              662.0,
              1359.0
            ],
            [
              665.0,
              1351.0
            ],
            [
              668.0,
              1348.0
            ],
            [
              673.0,
              1348.0
            ],
            [
              675.0,
              1346.0
            ],
            [
              677.0,
              1340.0
            ],
            [
              679.0,
              1338.0
            ],
            [
              679.0,
              1335.0
            ],
            [
              685.0,
              1330.0
            ],
            [
              685.0,
              1320.0
            ]
          ]
        ]
      },
      "properties": {
        "building_id": "tile8_image_part_008_bldg_0015",
        "source_image": "tile8_image_part_008.jpg",
        "area_pixels": 903.5,
        "perimeter_pixels": 137.25,
        "mean_confidence": 0.5722,
        "spatial_reference_note": "Geographic coordinates unavailable because input imagery is not georeferenced."
      }
    },
    {
      "type": "Feature",
      "geometry": {
        "type": "Polygon",
        "coordinates": [
          [
            [
              326.0,
              1324.0
            ],
            [
              314.0,
              1320.0
            ],
            [
              304.0,
              1326.0
            ],
            [
              293.0,
              1329.0
            ],
            [
              290.0,
              1333.0
            ],
            [
              289.0,
              1337.0
            ],
            [
              287.0,
              1339.0
            ],
            [
              282.0,
              1341.0
            ],
            [
              282.0,
              1345.0
            ],
            [
              284.0,
              1349.0
            ],
            [
              291.0,
              1352.0
            ],
            [
              297.0,
              1359.0
            ],
            [
              310.0,
              1359.0
            ],
            [
              310.0,
              1358.0
            ],
            [
              319.0,
              1350.0
            ],
            [
              321.0,
              1345.0
            ],
            [
              327.0,
              1337.0
            ],
            [
              328.0,
              1327.0
            ],
            [
              326.0,
              1324.0
            ]
          ]
        ]
      },
      "properties": {
        "building_id": "tile8_image_part_008_bldg_0016",
        "source_image": "tile8_image_part_008.jpg",
        "area_pixels": 1155.0,
        "perimeter_pixels": 133.44,
        "mean_confidence": 0.5877,
        "spatial_reference_note": "Geographic coordinates unavailable because input imagery is not georeferenced."
      }
    },
    {
      "type": "Feature",
      "geometry": {
        "type": "Polygon",
        "coordinates": [
          [
            [
              374.0,
              1353.0
            ],
            [
              374.0,
              1356.0
            ],
            [
              377.0,
              1360.0
            ],
            [
              376.0,
              1364.0
            ],
            [
              377.0,
              1369.0
            ],
            [
              386.0,
              1370.0
            ],
            [
              391.0,
              1376.0
            ],
            [
              394.0,
              1377.0
            ],
            [
              399.0,
              1382.0
            ],
            [
              406.0,
              1383.0
            ],
            [
              419.0,
              1379.0
            ],
            [
              420.0,
              1372.0
            ],
            [
              417.0,
              1368.0
            ],
            [
              404.0,
              1366.0
            ],
            [
              400.0,
              1369.0
            ],
            [
              392.0,
              1368.0
            ],
            [
              387.0,
              1370.0
            ],
            [
              384.0,
              1366.0
            ],
            [
              384.0,
              1364.0
            ],
            [
              391.0,
              1358.0
            ],
            [
              391.0,
              1353.0
            ],
            [
              386.0,
              1349.0
            ],
            [
              381.0,
              1348.0
            ],
            [
              378.0,
              1349.0
            ],
            [
              374.0,
              1353.0
            ]
          ]
        ]
      },
      "properties": {
        "building_id": "tile8_image_part_008_bldg_0017",
        "source_image": "tile8_image_part_008.jpg",
        "area_pixels": 634.0,
        "perimeter_pixels": 150.21,
        "mean_confidence": 0.5293,
        "spatial_reference_note": "Geographic coordinates unavailable because input imagery is not georeferenced."
      }
    },
    {
      "type": "Feature",
      "geometry": {
        "type": "Polygon",
        "coordinates": [
          [
            [
              614.0,
              1371.0
            ],
            [
              610.0,
              1368.0
            ],
            [
              607.0,
              1368.0
            ],
            [
              603.0,
              1366.0
            ],
            [
              594.0,
              1366.0
            ],
            [
              593.0,
              1367.0
            ],
            [
              590.0,
              1367.0
            ],
            [
              585.0,
              1370.0
            ],
            [
              579.0,
              1370.0
            ],
            [
              576.0,
              1371.0
            ],
            [
              572.0,
              1374.0
            ],
            [
              564.0,
              1377.0
            ],
            [
              560.0,
              1380.0
            ],
            [
              560.0,
              1384.0
            ],
            [
              565.0,
              1384.0
            ],
            [
              574.0,
              1388.0
            ],
            [
              590.0,
              1388.0
            ],
            [
              595.0,
              1386.0
            ],
            [
              602.0,
              1386.0
            ],
            [
              607.0,
              1381.0
            ],
            [
              613.0,
              1377.0
            ],
            [
              614.0,
              1371.0
            ]
          ]
        ]
      },
      "properties": {
        "building_id": "tile8_image_part_008_bldg_0018",
        "source_image": "tile8_image_part_008.jpg",
        "area_pixels": 811.0,
        "perimeter_pixels": 127.02,
        "mean_confidence": 0.6094,
        "spatial_reference_note": "Geographic coordinates unavailable because input imagery is not georeferenced."
      }
    },
    {
      "type": "Feature",
      "geometry": {
        "type": "Polygon",
        "coordinates": [
          [
            [
              225.0,
              1421.0
            ],
            [
              223.0,
              1434.0
            ],
            [
              219.0,
              1442.0
            ],
            [
              221.0,
              1465.0
            ],
            [
              226.0,
              1465.0
            ],
            [
              231.0,
              1472.0
            ],
            [
              289.0,
              1473.0
            ],
            [
              299.0,
              1466.0
            ],
            [
              317.0,
              1462.0
            ],
            [
              314.0,
              1457.0
            ],
            [
              306.0,
              1453.0
            ],
            [
              297.0,
              1453.0
            ],
            [
              301.0,
              1442.0
            ],
            [
              296.0,
              1434.0
            ],
            [
              292.0,
              1420.0
            ],
            [
              282.0,
              1410.0
            ],
            [
              251.0,
              1400.0
            ],
            [
              240.0,
              1404.0
            ],
            [
              225.0,
              1421.0
            ]
          ]
        ]
      },
      "properties": {
        "building_id": "tile8_image_part_008_bldg_0019",
        "source_image": "tile8_image_part_008.jpg",
        "area_pixels": 4901.5,
        "perimeter_pixels": 288.01,
        "mean_confidence": 0.745,
        "spatial_reference_note": "Geographic coordinates unavailable because input imagery is not georeferenced."
      }
    },
    {
      "type": "Feature",
      "geometry": {
        "type": "Polygon",
        "coordinates": [
          [
            [
              343.0,
              1463.0
            ],
            [
              355.0,
              1469.0
            ],
            [
              388.0,
              1474.0
            ],
            [
              527.0,
              1472.0
            ],
            [
              552.0,
              1466.0
            ],
            [
              551.0,
              1462.0
            ],
            [
              506.0,
              1454.0
            ],
            [
              482.0,
              1459.0
            ],
            [
              455.0,
              1456.0
            ],
            [
              441.0,
              1442.0
            ],
            [
              427.0,
              1435.0
            ],
            [
              400.0,
              1431.0
            ],
            [
              383.0,
              1424.0
            ],
            [
              366.0,
              1425.0
            ],
            [
              365.0,
              1420.0
            ],
            [
              355.0,
              1422.0
            ],
            [
              355.0,
              1430.0
            ],
            [
              368.0,
              1427.0
            ],
            [
              372.0,
              1435.0
            ],
            [
              367.0,
              1443.0
            ],
            [
              347.0,
              1454.0
            ],
            [
              343.0,
              1463.0
            ]
          ]
        ]
      },
      "properties": {
        "building_id": "tile8_image_part_008_bldg_0020",
        "source_image": "tile8_image_part_008.jpg",
        "area_pixels": 5304.0,
        "perimeter_pixels": 498.88,
        "mean_confidence": 0.6567,
        "spatial_reference_note": "Geographic coordinates unavailable because input imagery is not georeferenced."
      }
    },
    {
      "type": "Feature",
      "geometry": {
        "type": "Polygon",
        "coordinates": [
          [
            [
              1791.0,
              1460.0
            ],
            [
              1791.0,
              1464.0
            ],
            [
              1799.0,
              1472.0
            ],
            [
              1803.0,
              1473.0
            ],
            [
              1847.0,
              1473.0
            ],
            [
              1857.0,
              1470.0
            ],
            [
              1860.0,
              1467.0
            ],
            [
              1860.0,
              1461.0
            ],
            [
              1856.0,
              1459.0
            ],
            [
              1849.0,
              1452.0
            ],
            [
              1844.0,
              1452.0
            ],
            [
              1840.0,
              1450.0
            ],
            [
              1827.0,
              1451.0
            ],
            [
              1820.0,
              1449.0
            ],
            [
              1816.0,
              1451.0
            ],
            [
              1808.0,
              1451.0
            ],
            [
              1804.0,
              1454.0
            ],
            [
              1799.0,
              1454.0
            ],
            [
              1799.0,
              1456.0
            ],
            [
              1797.0,
              1458.0
            ],
            [
              1791.0,
              1460.0
            ]
          ]
        ]
      },
      "properties": {
        "building_id": "tile8_image_part_008_bldg_0021",
        "source_image": "tile8_image_part_008.jpg",
        "area_pixels": 1311.5,
        "perimeter_pixels": 161.91,
        "mean_confidence": 0.6225,
        "spatial_reference_note": "Geographic coordinates unavailable because input imagery is not georeferenced."
      }
    },
    {
      "type": "Feature",
      "geometry": {
        "type": "Polygon",
        "coordinates": [
          [
            [
              127.0,
              13.0
            ],
            [
              130.0,
              38.0
            ],
            [
              189.0,
              47.0
            ],
            [
              201.0,
              58.0
            ],
            [
              203.0,
              88.0
            ],
            [
              221.0,
              106.0
            ],
            [
              298.0,
              149.0
            ],
            [
              397.0,
              181.0
            ],
            [
              418.0,
              158.0
            ],
            [
              412.0,
              120.0
            ],
            [
              397.0,
              100.0
            ],
            [
              361.0,
              92.0
            ],
            [
              347.0,
              72.0
            ],
            [
              312.0,
              47.0
            ],
            [
              356.0,
              30.0
            ],
            [
              368.0,
              56.0
            ],
            [
              391.0,
              66.0
            ],
            [
              401.0,
              55.0
            ],
            [
              376.0,
              13.0
            ],
            [
              338.0,
              0.0
            ],
            [
              174.0,
              2.0
            ],
            [
              127.0,
              13.0
            ]
          ]
        ]
      },
      "properties": {
        "building_id": "tile8_image_part_009_bldg_0001",
        "source_image": "tile8_image_part_009.jpg",
        "area_pixels": 28252.0,
        "perimeter_pixels": 964.89,
        "mean_confidence": 0.8223,
        "spatial_reference_note": "Geographic coordinates unavailable because input imagery is not georeferenced."
      }
    },
    {
      "type": "Feature",
      "geometry": {
        "type": "Polygon",
        "coordinates": [
          [
            [
              1597.0,
              9.0
            ],
            [
              1555.0,
              0.0
            ],
            [
              1490.0,
              0.0
            ],
            [
              1435.0,
              10.0
            ],
            [
              1412.0,
              30.0
            ],
            [
              1397.0,
              52.0
            ],
            [
              1396.0,
              68.0
            ],
            [
              1410.0,
              100.0
            ],
            [
              1408.0,
              182.0
            ],
            [
              1418.0,
              213.0
            ],
            [
              1429.0,
              223.0
            ],
            [
              1448.0,
              225.0
            ],
            [
              1469.0,
              217.0
            ],
            [
              1513.0,
              188.0
            ],
            [
              1541.0,
              160.0
            ],
            [
              1575.0,
              139.0
            ],
            [
              1607.0,
              129.0
            ],
            [
              1638.0,
              99.0
            ],
            [
              1639.0,
              66.0
            ],
            [
              1603.0,
              28.0
            ],
            [
              1597.0,
              9.0
            ]
          ]
        ]
      },
      "properties": {
        "building_id": "tile8_image_part_009_bldg_0002",
        "source_image": "tile8_image_part_009.jpg",
        "area_pixels": 37531.5,
        "perimeter_pixels": 757.17,
        "mean_confidence": 0.8474,
        "spatial_reference_note": "Geographic coordinates unavailable because input imagery is not georeferenced."
      }
    },
    {
      "type": "Feature",
      "geometry": {
        "type": "Polygon",
        "coordinates": [
          [
            [
              1726.0,
              165.0
            ],
            [
              1761.0,
              175.0
            ],
            [
              1821.0,
              126.0
            ],
            [
              1857.0,
              114.0
            ],
            [
              1880.0,
              85.0
            ],
            [
              1923.0,
              60.0
            ],
            [
              1924.0,
              26.0
            ],
            [
              1999.0,
              62.0
            ],
            [
              1980.0,
              92.0
            ],
            [
              1982.0,
              144.0
            ],
            [
              2040.0,
              152.0
            ],
            [
              2066.0,
              124.0
            ],
            [
              2062.0,
              80.0
            ],
            [
              2003.0,
              59.0
            ],
            [
              2066.0,
              30.0
            ],
            [
              2140.0,
              20.0
            ],
            [
              2141.0,
              9.0
            ],
            [
              2035.0,
              0.0
            ],
            [
              1925.0,
              11.0
            ],
            [
              1869.0,
              0.0
            ],
            [
              1766.0,
              6.0
            ],
            [
              1755.0,
              18.0
            ],
            [
              1789.0,
              34.0
            ],
            [
              1719.0,
              99.0
            ],
            [
              1726.0,
              165.0
            ]
          ]
        ]
      },
      "properties": {
        "building_id": "tile8_image_part_009_bldg_0003",
        "source_image": "tile8_image_part_009.jpg",
        "area_pixels": 34475.5,
        "perimeter_pixels": 1394.89,
        "mean_confidence": 0.7775,
        "spatial_reference_note": "Geographic coordinates unavailable because input imagery is not georeferenced."
      }
    },
    {
      "type": "Feature",
      "geometry": {
        "type": "Polygon",
        "coordinates": [
          [
            [
              1630.0,
              21.0
            ],
            [
              1630.0,
              24.0
            ],
            [
              1632.0,
              26.0
            ],
            [
              1642.0,
              28.0
            ],
            [
              1652.0,
              35.0
            ],
            [
              1659.0,
              33.0
            ],
            [
              1666.0,
              33.0
            ],
            [
              1669.0,
              31.0
            ],
            [
              1687.0,
              32.0
            ],
            [
              1693.0,
              29.0
            ],
            [
              1695.0,
              25.0
            ],
            [
              1695.0,
              14.0
            ],
            [
              1692.0,
              10.0
            ],
            [
              1689.0,
              9.0
            ],
            [
              1649.0,
              8.0
            ],
            [
              1637.0,
              10.0
            ],
            [
              1633.0,
              14.0
            ],
            [
              1633.0,
              17.0
            ],
            [
              1630.0,
              21.0
            ]
          ]
        ]
      },
      "properties": {
        "building_id": "tile8_image_part_009_bldg_0004",
        "source_image": "tile8_image_part_009.jpg",
        "area_pixels": 1386.5,
        "perimeter_pixels": 160.32,
        "mean_confidence": 0.6027,
        "spatial_reference_note": "Geographic coordinates unavailable because input imagery is not georeferenced."
      }
    },
    {
      "type": "Feature",
      "geometry": {
        "type": "Polygon",
        "coordinates": [
          [
            [
              1094.0,
              51.0
            ],
            [
              1092.0,
              51.0
            ],
            [
              1089.0,
              53.0
            ],
            [
              1083.0,
              53.0
            ],
            [
              1082.0,
              54.0
            ],
            [
              1082.0,
              55.0
            ],
            [
              1080.0,
              58.0
            ],
            [
              1080.0,
              62.0
            ],
            [
              1079.0,
              63.0
            ],
            [
              1079.0,
              66.0
            ],
            [
              1078.0,
              67.0
            ],
            [
              1078.0,
              72.0
            ],
            [
              1081.0,
              75.0
            ],
            [
              1085.0,
              75.0
            ],
            [
              1090.0,
              72.0
            ],
            [
              1093.0,
              72.0
            ],
            [
              1094.0,
              71.0
            ],
            [
              1095.0,
              71.0
            ],
            [
              1096.0,
              70.0
            ],
            [
              1096.0,
              69.0
            ],
            [
              1098.0,
              67.0
            ],
            [
              1098.0,
              66.0
            ],
            [
              1100.0,
              64.0
            ],
            [
              1100.0,
              62.0
            ],
            [
              1097.0,
              60.0
            ],
            [
              1097.0,
              55.0
            ],
            [
              1096.0,
              54.0
            ],
            [
              1096.0,
              53.0
            ],
            [
              1094.0,
              51.0
            ]
          ]
        ]
      },
      "properties": {
        "building_id": "tile8_image_part_009_bldg_0005",
        "source_image": "tile8_image_part_009.jpg",
        "area_pixels": 370.0,
        "perimeter_pixels": 76.86,
        "mean_confidence": 0.5413,
        "spatial_reference_note": "Geographic coordinates unavailable because input imagery is not georeferenced."
      }
    },
    {
      "type": "Feature",
      "geometry": {
        "type": "Polygon",
        "coordinates": [
          [
            [
              402.0,
              67.0
            ],
            [
              402.0,
              71.0
            ],
            [
              406.0,
              74.0
            ],
            [
              405.0,
              83.0
            ],
            [
              408.0,
              86.0
            ],
            [
              410.0,
              90.0
            ],
            [
              417.0,
              89.0
            ],
            [
              419.0,
              92.0
            ],
            [
              422.0,
              93.0
            ],
            [
              424.0,
              95.0
            ],
            [
              430.0,
              95.0
            ],
            [
              433.0,
              93.0
            ],
            [
              436.0,
              93.0
            ],
            [
              437.0,
              92.0
            ],
            [
              442.0,
              91.0
            ],
            [
              442.0,
              89.0
            ],
            [
              439.0,
              86.0
            ],
            [
              439.0,
              81.0
            ],
            [
              440.0,
              80.0
            ],
            [
              440.0,
              78.0
            ],
            [
              432.0,
              75.0
            ],
            [
              426.0,
              75.0
            ],
            [
              420.0,
              72.0
            ],
            [
              418.0,
              70.0
            ],
            [
              410.0,
              70.0
            ],
            [
              407.0,
              67.0
            ],
            [
              402.0,
              67.0
            ]
          ]
        ]
      },
      "properties": {
        "building_id": "tile8_image_part_009_bldg_0006",
        "source_image": "tile8_image_part_009.jpg",
        "area_pixels": 667.5,
        "perimeter_pixels": 118.54,
        "mean_confidence": 0.5489,
        "spatial_reference_note": "Geographic coordinates unavailable because input imagery is not georeferenced."
      }
    },
    {
      "type": "Feature",
      "geometry": {
        "type": "Polygon",
        "coordinates": [
          [
            [
              1195.0,
              89.0
            ],
            [
              1188.0,
              88.0
            ],
            [
              1186.0,
              86.0
            ],
            [
              1170.0,
              88.0
            ],
            [
              1156.0,
              96.0
            ],
            [
              1151.0,
              102.0
            ],
            [
              1140.0,
              105.0
            ],
            [
              1130.0,
              112.0
            ],
            [
              1125.0,
              113.0
            ],
            [
              1117.0,
              121.0
            ],
            [
              1117.0,
              125.0
            ],
            [
              1125.0,
              129.0
            ],
            [
              1133.0,
              129.0
            ],
            [
              1156.0,
              119.0
            ],
            [
              1161.0,
              119.0
            ],
            [
              1166.0,
              115.0
            ],
            [
              1172.0,
              115.0
            ],
            [
              1178.0,
              109.0
            ],
            [
              1181.0,
              109.0
            ],
            [
              1186.0,
              105.0
            ],
            [
              1187.0,
              97.0
            ],
            [
              1191.0,
              94.0
            ],
            [
              1194.0,
              94.0
            ],
            [
              1195.0,
              89.0
            ]
          ]
        ]
      },
      "properties": {
        "building_id": "tile8_image_part_009_bldg_0007",
        "source_image": "tile8_image_part_009.jpg",
        "area_pixels": 1470.0,
        "perimeter_pixels": 192.46,
        "mean_confidence": 0.5809,
        "spatial_reference_note": "Geographic coordinates unavailable because input imagery is not georeferenced."
      }
    },
    {
      "type": "Feature",
      "geometry": {
        "type": "Polygon",
        "coordinates": [
          [
            [
              24.0,
              97.0
            ],
            [
              19.0,
              97.0
            ],
            [
              15.0,
              101.0
            ],
            [
              14.0,
              101.0
            ],
            [
              14.0,
              103.0
            ],
            [
              15.0,
              104.0
            ],
            [
              15.0,
              107.0
            ],
            [
              16.0,
              108.0
            ],
            [
              16.0,
              110.0
            ],
            [
              18.0,
              112.0
            ],
            [
              20.0,
              112.0
            ],
            [
              21.0,
              111.0
            ],
            [
              21.0,
              104.0
            ],
            [
              22.0,
              103.0
            ],
            [
              22.0,
              101.0
            ],
            [
              24.0,
              99.0
            ],
            [
              24.0,
              97.0
            ]
          ]
        ]
      },
      "properties": {
        "building_id": "tile8_image_part_009_bldg_0008",
        "source_image": "tile8_image_part_009.jpg",
        "area_pixels": 90.0,
        "perimeter_pixels": 42.97,
        "mean_confidence": 0.526,
        "spatial_reference_note": "Geographic coordinates unavailable because input imagery is not georeferenced."
      }
    },
    {
      "type": "Feature",
      "geometry": {
        "type": "Polygon",
        "coordinates": [
          [
            [
              864.0,
              104.0
            ],
            [
              818.0,
              138.0
            ],
            [
              769.0,
              208.0
            ],
            [
              769.0,
              248.0
            ],
            [
              796.0,
              339.0
            ],
            [
              836.0,
              369.0
            ],
            [
              897.0,
              384.0
            ],
            [
              948.0,
              385.0
            ],
            [
              1001.0,
              371.0
            ],
            [
              1061.0,
              314.0
            ],
            [
              1077.0,
              270.0
            ],
            [
              1080.0,
              197.0
            ],
            [
              1062.0,
              172.0
            ],
            [
              1056.0,
              140.0
            ],
            [
              1027.0,
              116.0
            ],
            [
              976.0,
              101.0
            ],
            [
              864.0,
              104.0
            ]
          ]
        ]
      },
      "properties": {
        "building_id": "tile8_image_part_009_bldg_0009",
        "source_image": "tile8_image_part_009.jpg",
        "area_pixels": 71591.5,
        "perimeter_pixels": 965.06,
        "mean_confidence": 0.8997,
        "spatial_reference_note": "Geographic coordinates unavailable because input imagery is not georeferenced."
      }
    },
    {
      "type": "Feature",
      "geometry": {
        "type": "Polygon",
        "coordinates": [
          [
            [
              1364.0,
              116.0
            ],
            [
              1355.0,
              115.0
            ],
            [
              1352.0,
              111.0
            ],
            [
              1326.0,
              113.0
            ],
            [
              1313.0,
              126.0
            ],
            [
              1307.0,
              126.0
            ],
            [
              1298.0,
              134.0
            ],
            [
              1293.0,
              136.0
            ],
            [
              1290.0,
              143.0
            ],
            [
              1290.0,
              148.0
            ],
            [
              1294.0,
              151.0
            ],
            [
              1301.0,
              151.0
            ],
            [
              1312.0,
              169.0
            ],
            [
              1318.0,
              170.0
            ],
            [
              1327.0,
              176.0
            ],
            [
              1337.0,
              175.0
            ],
            [
              1346.0,
              169.0
            ],
            [
              1360.0,
              164.0
            ],
            [
              1363.0,
              161.0
            ],
            [
              1366.0,
              134.0
            ],
            [
              1366.0,
              119.0
            ],
            [
              1364.0,
              116.0
            ]
          ]
        ]
      },
      "properties": {
        "building_id": "tile8_image_part_009_bldg_0010",
        "source_image": "tile8_image_part_009.jpg",
        "area_pixels": 3454.5,
        "perimeter_pixels": 230.3,
        "mean_confidence": 0.6845,
        "spatial_reference_note": "Geographic coordinates unavailable because input imagery is not georeferenced."
      }
    },
    {
      "type": "Feature",
      "geometry": {
        "type": "Polygon",
        "coordinates": [
          [
            [
              187.0,
              146.0
            ],
            [
              185.0,
              148.0
            ],
            [
              185.0,
              158.0
            ],
            [
              186.0,
              159.0
            ],
            [
              186.0,
              162.0
            ],
            [
              188.0,
              164.0
            ],
            [
              190.0,
              164.0
            ],
            [
              191.0,
              165.0
            ],
            [
              195.0,
              165.0
            ],
            [
              198.0,
              162.0
            ],
            [
              198.0,
              157.0
            ],
            [
              197.0,
              156.0
            ],
            [
              197.0,
              153.0
            ],
            [
              198.0,
              152.0
            ],
            [
              198.0,
              148.0
            ],
            [
              197.0,
              147.0
            ],
            [
              192.0,
              147.0
            ],
            [
              191.0,
              146.0
            ],
            [
              187.0,
              146.0
            ]
          ]
        ]
      },
      "properties": {
        "building_id": "tile8_image_part_009_bldg_0011",
        "source_image": "tile8_image_part_009.jpg",
        "area_pixels": 216.5,
        "perimeter_pixels": 58.38,
        "mean_confidence": 0.5324,
        "spatial_reference_note": "Geographic coordinates unavailable because input imagery is not georeferenced."
      }
    },
    {
      "type": "Feature",
      "geometry": {
        "type": "Polygon",
        "coordinates": [
          [
            [
              10.0,
              230.0
            ],
            [
              10.0,
              244.0
            ],
            [
              14.0,
              247.0
            ],
            [
              15.0,
              255.0
            ],
            [
              19.0,
              258.0
            ],
            [
              36.0,
              258.0
            ],
            [
              58.0,
              262.0
            ],
            [
              63.0,
              265.0
            ],
            [
              71.0,
              265.0
            ],
            [
              84.0,
              260.0
            ],
            [
              117.0,
              258.0
            ],
            [
              121.0,
              256.0
            ],
            [
              126.0,
              247.0
            ],
            [
              125.0,
              233.0
            ],
            [
              114.0,
              220.0
            ],
            [
              98.0,
              213.0
            ],
            [
              92.0,
              213.0
            ],
            [
              86.0,
              208.0
            ],
            [
              62.0,
              205.0
            ],
            [
              54.0,
              198.0
            ],
            [
              42.0,
              197.0
            ],
            [
              36.0,
              203.0
            ],
            [
              20.0,
              211.0
            ],
            [
              10.0,
              230.0
            ]
          ]
        ]
      },
      "properties": {
        "building_id": "tile8_image_part_009_bldg_0012",
        "source_image": "tile8_image_part_009.jpg",
        "area_pixels": 5656.0,
        "perimeter_pixels": 304.05,
        "mean_confidence": 0.7353,
        "spatial_reference_note": "Geographic coordinates unavailable because input imagery is not georeferenced."
      }
    },
    {
      "type": "Feature",
      "geometry": {
        "type": "Polygon",
        "coordinates": [
          [
            [
              477.0,
              289.0
            ],
            [
              490.0,
              307.0
            ],
            [
              481.0,
              356.0
            ],
            [
              504.0,
              376.0
            ],
            [
              563.0,
              378.0
            ],
            [
              588.0,
              364.0
            ],
            [
              630.0,
              366.0
            ],
            [
              683.0,
              398.0
            ],
            [
              717.0,
              364.0
            ],
            [
              697.0,
              345.0
            ],
            [
              678.0,
              355.0
            ],
            [
              666.0,
              353.0
            ],
            [
              661.0,
              344.0
            ],
            [
              707.0,
              290.0
            ],
            [
              704.0,
              276.0
            ],
            [
              691.0,
              267.0
            ],
            [
              663.0,
              276.0
            ],
            [
              599.0,
              271.0
            ],
            [
              526.0,
              281.0
            ],
            [
              522.0,
              275.0
            ],
            [
              550.0,
              255.0
            ],
            [
              552.0,
              244.0
            ],
            [
              517.0,
              239.0
            ],
            [
              499.0,
              253.0
            ],
            [
              516.0,
              276.0
            ],
            [
              489.0,
              277.0
            ],
            [
              477.0,
              289.0
            ]
          ]
        ]
      },
      "properties": {
        "building_id": "tile8_image_part_009_bldg_0013",
        "source_image": "tile8_image_part_009.jpg",
        "area_pixels": 22137.0,
        "perimeter_pixels": 865.65,
        "mean_confidence": 0.7521,
        "spatial_reference_note": "Geographic coordinates unavailable because input imagery is not georeferenced."
      }
    },
    {
      "type": "Feature",
      "geometry": {
        "type": "Polygon",
        "coordinates": [
          [
            [
              1317.0,
              272.0
            ],
            [
              1314.0,
              278.0
            ],
            [
              1314.0,
              287.0
            ],
            [
              1317.0,
              289.0
            ],
            [
              1324.0,
              289.0
            ],
            [
              1328.0,
              297.0
            ],
            [
              1333.0,
              300.0
            ],
            [
              1336.0,
              305.0
            ],
            [
              1340.0,
              305.0
            ],
            [
              1346.0,
              310.0
            ],
            [
              1346.0,
              318.0
            ],
            [
              1352.0,
              323.0
            ],
            [
              1353.0,
              329.0
            ],
            [
              1357.0,
              334.0
            ],
            [
              1361.0,
              335.0
            ],
            [
              1368.0,
              341.0
            ],
            [
              1373.0,
              341.0
            ],
            [
              1379.0,
              333.0
            ],
            [
              1385.0,
              333.0
            ],
            [
              1387.0,
              325.0
            ],
            [
              1378.0,
              315.0
            ],
            [
              1372.0,
              302.0
            ],
            [
              1366.0,
              300.0
            ],
            [
              1361.0,
              293.0
            ],
            [
              1337.0,
              284.0
            ],
            [
              1335.0,
              281.0
            ],
            [
              1335.0,
              275.0
            ],
            [
              1330.0,
              271.0
            ],
            [
              1317.0,
              272.0
            ]
          ]
        ]
      },
      "properties": {
        "building_id": "tile8_image_part_009_bldg_0014",
        "source_image": "tile8_image_part_009.jpg",
        "area_pixels": 1958.0,
        "perimeter_pixels": 226.99,
        "mean_confidence": 0.5856,
        "spatial_reference_note": "Geographic coordinates unavailable because input imagery is not georeferenced."
      }
    },
    {
      "type": "Feature",
      "geometry": {
        "type": "Polygon",
        "coordinates": [
          [
            [
              1425.0,
              282.0
            ],
            [
              1412.0,
              296.0
            ],
            [
              1398.0,
              334.0
            ],
            [
              1407.0,
              366.0
            ],
            [
              1405.0,
              379.0
            ],
            [
              1393.0,
              391.0
            ],
            [
              1390.0,
              430.0
            ],
            [
              1399.0,
              440.0
            ],
            [
              1461.0,
              467.0
            ],
            [
              1543.0,
              485.0
            ],
            [
              1594.0,
              514.0
            ],
            [
              1608.0,
              508.0
            ],
            [
              1618.0,
              488.0
            ],
            [
              1649.0,
              460.0
            ],
            [
              1650.0,
              406.0
            ],
            [
              1596.0,
              364.0
            ],
            [
              1530.0,
              348.0
            ],
            [
              1470.0,
              296.0
            ],
            [
              1441.0,
              280.0
            ],
            [
              1425.0,
              282.0
            ]
          ]
        ]
      },
      "properties": {
        "building_id": "tile8_image_part_009_bldg_0015",
        "source_image": "tile8_image_part_009.jpg",
        "area_pixels": 35732.0,
        "perimeter_pixels": 784.12,
        "mean_confidence": 0.8518,
        "spatial_reference_note": "Geographic coordinates unavailable because input imagery is not georeferenced."
      }
    },
    {
      "type": "Feature",
      "geometry": {
        "type": "Polygon",
        "coordinates": [
          [
            [
              0.0,
              304.0
            ],
            [
              0.0,
              333.0
            ],
            [
              7.0,
              337.0
            ],
            [
              21.0,
              339.0
            ],
            [
              30.0,
              334.0
            ],
            [
              48.0,
              332.0
            ],
            [
              67.0,
              333.0
            ],
            [
              78.0,
              328.0
            ],
            [
              80.0,
              321.0
            ],
            [
              76.0,
              321.0
            ],
            [
              65.0,
              314.0
            ],
            [
              59.0,
              314.0
            ],
            [
              55.0,
              316.0
            ],
            [
              51.0,
              315.0
            ],
            [
              38.0,
              301.0
            ],
            [
              29.0,
              299.0
            ],
            [
              28.0,
              294.0
            ],
            [
              23.0,
              290.0
            ],
            [
              22.0,
              286.0
            ],
            [
              18.0,
              286.0
            ],
            [
              16.0,
              290.0
            ],
            [
              2.0,
              304.0
            ],
            [
              0.0,
              304.0
            ]
          ]
        ]
      },
      "properties": {
        "building_id": "tile8_image_part_009_bldg_0016",
        "source_image": "tile8_image_part_009.jpg",
        "area_pixels": 2284.5,
        "perimeter_pixels": 223.85,
        "mean_confidence": 0.6513,
        "spatial_reference_note": "Geographic coordinates unavailable because input imagery is not georeferenced."
      }
    },
    {
      "type": "Feature",
      "geometry": {
        "type": "Polygon",
        "coordinates": [
          [
            [
              57.0,
              287.0
            ],
            [
              53.0,
              291.0
            ],
            [
              52.0,
              291.0
            ],
            [
              52.0,
              292.0
            ],
            [
              51.0,
              293.0
            ],
            [
              51.0,
              297.0
            ],
            [
              52.0,
              298.0
            ],
            [
              52.0,
              299.0
            ],
            [
              55.0,
              302.0
            ],
            [
              55.0,
              303.0
            ],
            [
              56.0,
              304.0
            ],
            [
              56.0,
              306.0
            ],
            [
              61.0,
              306.0
            ],
            [
              61.0,
              294.0
            ],
            [
              62.0,
              293.0
            ],
            [
              62.0,
              289.0
            ],
            [
              60.0,
              287.0
            ],
            [
              57.0,
              287.0
            ]
          ]
        ]
      },
      "properties": {
        "building_id": "tile8_image_part_009_bldg_0017",
        "source_image": "tile8_image_part_009.jpg",
        "area_pixels": 149.5,
        "perimeter_pixels": 52.38,
        "mean_confidence": 0.5183,
        "spatial_reference_note": "Geographic coordinates unavailable because input imagery is not georeferenced."
      }
    },
    {
      "type": "Feature",
      "geometry": {
        "type": "Polygon",
        "coordinates": [
          [
            [
              1711.0,
              328.0
            ],
            [
              1705.0,
              378.0
            ],
            [
              1729.0,
              400.0
            ],
            [
              1825.0,
              429.0
            ],
            [
              1876.0,
              453.0
            ],
            [
              1905.0,
              454.0
            ],
            [
              1917.0,
              448.0
            ],
            [
              1930.0,
              422.0
            ],
            [
              1929.0,
              402.0
            ],
            [
              1937.0,
              371.0
            ],
            [
              1936.0,
              360.0
            ],
            [
              1908.0,
              343.0
            ],
            [
              1860.0,
              335.0
            ],
            [
              1810.0,
              315.0
            ],
            [
              1768.0,
              308.0
            ],
            [
              1729.0,
              312.0
            ],
            [
              1711.0,
              328.0
            ]
          ]
        ]
      },
      "properties": {
        "building_id": "tile8_image_part_009_bldg_0018",
        "source_image": "tile8_image_part_009.jpg",
        "area_pixels": 22737.0,
        "perimeter_pixels": 615.29,
        "mean_confidence": 0.8883,
        "spatial_reference_note": "Geographic coordinates unavailable because input imagery is not georeferenced."
      }
    },
    {
      "type": "Feature",
      "geometry": {
        "type": "Polygon",
        "coordinates": [
          [
            [
              366.0,
              318.0
            ],
            [
              354.0,
              317.0
            ],
            [
              351.0,
              319.0
            ],
            [
              343.0,
              318.0
            ],
            [
              339.0,
              320.0
            ],
            [
              332.0,
              320.0
            ],
            [
              322.0,
              328.0
            ],
            [
              316.0,
              329.0
            ],
            [
              311.0,
              351.0
            ],
            [
              315.0,
              359.0
            ],
            [
              323.0,
              365.0
            ],
            [
              327.0,
              375.0
            ],
            [
              334.0,
              376.0
            ],
            [
              343.0,
              382.0
            ],
            [
              356.0,
              380.0
            ],
            [
              373.0,
              364.0
            ],
            [
              377.0,
              363.0
            ],
            [
              381.0,
              359.0
            ],
            [
              381.0,
              354.0
            ],
            [
              377.0,
              347.0
            ],
            [
              377.0,
              341.0
            ],
            [
              382.0,
              335.0
            ],
            [
              382.0,
              330.0
            ],
            [
              378.0,
              325.0
            ],
            [
              371.0,
              325.0
            ],
            [
              366.0,
              321.0
            ],
            [
              366.0,
              318.0
            ]
          ]
        ]
      },
      "properties": {
        "building_id": "tile8_image_part_009_bldg_0019",
        "source_image": "tile8_image_part_009.jpg",
        "area_pixels": 3359.5,
        "perimeter_pixels": 225.19,
        "mean_confidence": 0.6803,
        "spatial_reference_note": "Geographic coordinates unavailable because input imagery is not georeferenced."
      }
    },
    {
      "type": "Feature",
      "geometry": {
        "type": "Polygon",
        "coordinates": [
          [
            [
              0.0,
              358.0
            ],
            [
              0.0,
              594.0
            ],
            [
              31.0,
              636.0
            ],
            [
              88.0,
              647.0
            ],
            [
              132.0,
              640.0
            ],
            [
              162.0,
              623.0
            ],
            [
              178.0,
              584.0
            ],
            [
              232.0,
              591.0
            ],
            [
              267.0,
              567.0
            ],
            [
              276.0,
              528.0
            ],
            [
              243.0,
              495.0
            ],
            [
              180.0,
              515.0
            ],
            [
              164.0,
              545.0
            ],
            [
              135.0,
              544.0
            ],
            [
              139.0,
              523.0
            ],
            [
              197.0,
              481.0
            ],
            [
              203.0,
              440.0
            ],
            [
              175.0,
              424.0
            ],
            [
              146.0,
              446.0
            ],
            [
              112.0,
              445.0
            ],
            [
              134.0,
              407.0
            ],
            [
              121.0,
              357.0
            ],
            [
              0.0,
              358.0
            ]
          ]
        ]
      },
      "properties": {
        "building_id": "tile8_image_part_009_bldg_0020",
        "source_image": "tile8_image_part_009.jpg",
        "area_pixels": 51801.5,
        "perimeter_pixels": 1233.81,
        "mean_confidence": 0.8212,
        "spatial_reference_note": "Geographic coordinates unavailable because input imagery is not georeferenced."
      }
    },
    {
      "type": "Feature",
      "geometry": {
        "type": "Polygon",
        "coordinates": [
          [
            [
              1988.0,
              367.0
            ],
            [
              1986.0,
              370.0
            ],
            [
              1986.0,
              381.0
            ],
            [
              1991.0,
              389.0
            ],
            [
              2001.0,
              401.0
            ],
            [
              2005.0,
              402.0
            ],
            [
              2008.0,
              405.0
            ],
            [
              2009.0,
              409.0
            ],
            [
              2019.0,
              423.0
            ],
            [
              2024.0,
              426.0
            ],
            [
              2035.0,
              427.0
            ],
            [
              2041.0,
              420.0
            ],
            [
              2045.0,
              410.0
            ],
            [
              2049.0,
              405.0
            ],
            [
              2049.0,
              385.0
            ],
            [
              2045.0,
              371.0
            ],
            [
              2029.0,
              364.0
            ],
            [
              2010.0,
              364.0
            ],
            [
              2006.0,
              361.0
            ],
            [
              1998.0,
              363.0
            ],
            [
              1995.0,
              367.0
            ],
            [
              1988.0,
              367.0
            ]
          ]
        ]
      },
      "properties": {
        "building_id": "tile8_image_part_009_bldg_0021",
        "source_image": "tile8_image_part_009.jpg",
        "area_pixels": 2848.5,
        "perimeter_pixels": 208.89,
        "mean_confidence": 0.6694,
        "spatial_reference_note": "Geographic coordinates unavailable because input imagery is not georeferenced."
      }
    },
    {
      "type": "Feature",
      "geometry": {
        "type": "Polygon",
        "coordinates": [
          [
            [
              2141.0,
              402.0
            ],
            [
              2137.0,
              401.0
            ],
            [
              2117.0,
              408.0
            ],
            [
              2113.0,
              412.0
            ],
            [
              2105.0,
              412.0
            ],
            [
              2101.0,
              415.0
            ],
            [
              2078.0,
              414.0
            ],
            [
              2074.0,
              424.0
            ],
            [
              2074.0,
              437.0
            ],
            [
              2067.0,
              438.0
            ],
            [
              2063.0,
              448.0
            ],
            [
              2065.0,
              459.0
            ],
            [
              2095.0,
              460.0
            ],
            [
              2098.0,
              467.0
            ],
            [
              2102.0,
              470.0
            ],
            [
              2118.0,
              473.0
            ],
            [
              2123.0,
              463.0
            ],
            [
              2123.0,
              445.0
            ],
            [
              2126.0,
              443.0
            ],
            [
              2140.0,
              445.0
            ],
            [
              2143.0,
              426.0
            ],
            [
              2143.0,
              409.0
            ],
            [
              2141.0,
              402.0
            ]
          ]
        ]
      },
      "properties": {
        "building_id": "tile8_image_part_009_bldg_0022",
        "source_image": "tile8_image_part_009.jpg",
        "area_pixels": 3554.0,
        "perimeter_pixels": 269.14,
        "mean_confidence": 0.6088,
        "spatial_reference_note": "Geographic coordinates unavailable because input imagery is not georeferenced."
      }
    },
    {
      "type": "Feature",
      "geometry": {
        "type": "Polygon",
        "coordinates": [
          [
            [
              623.0,
              501.0
            ],
            [
              623.0,
              516.0
            ],
            [
              651.0,
              529.0
            ],
            [
              750.0,
              537.0
            ],
            [
              780.0,
              526.0
            ],
            [
              883.0,
              673.0
            ],
            [
              924.0,
              667.0
            ],
            [
              946.0,
              607.0
            ],
            [
              962.0,
              635.0
            ],
            [
              959.0,
              673.0
            ],
            [
              972.0,
              687.0
            ],
            [
              1027.0,
              680.0
            ],
            [
              1070.0,
              648.0
            ],
            [
              1070.0,
              615.0
            ],
            [
              1037.0,
              570.0
            ],
            [
              1043.0,
              521.0
            ],
            [
              974.0,
              488.0
            ],
            [
              944.0,
              487.0
            ],
            [
              929.0,
              542.0
            ],
            [
              923.0,
              483.0
            ],
            [
              879.0,
              459.0
            ],
            [
              878.0,
              433.0
            ],
            [
              842.0,
              409.0
            ],
            [
              769.0,
              406.0
            ],
            [
              680.0,
              452.0
            ],
            [
              623.0,
              501.0
            ]
          ]
        ]
      },
      "properties": {
        "building_id": "tile8_image_part_009_bldg_0023",
        "source_image": "tile8_image_part_009.jpg",
        "area_pixels": 61610.5,
        "perimeter_pixels": 1389.3,
        "mean_confidence": 0.8602,
        "spatial_reference_note": "Geographic coordinates unavailable because input imagery is not georeferenced."
      }
    },
    {
      "type": "Feature",
      "geometry": {
        "type": "Polygon",
        "coordinates": [
          [
            [
              609.0,
              436.0
            ],
            [
              602.0,
              427.0
            ],
            [
              593.0,
              427.0
            ],
            [
              592.0,
              428.0
            ],
            [
              589.0,
              428.0
            ],
            [
              586.0,
              433.0
            ],
            [
              586.0,
              437.0
            ],
            [
              585.0,
              438.0
            ],
            [
              583.0,
              438.0
            ],
            [
              582.0,
              437.0
            ],
            [
              578.0,
              437.0
            ],
            [
              578.0,
              444.0
            ],
            [
              585.0,
              444.0
            ],
            [
              589.0,
              448.0
            ],
            [
              591.0,
              449.0
            ],
            [
              596.0,
              449.0
            ],
            [
              600.0,
              447.0
            ],
            [
              602.0,
              445.0
            ],
            [
              607.0,
              444.0
            ],
            [
              609.0,
              441.0
            ],
            [
              609.0,
              436.0
            ]
          ]
        ]
      },
      "properties": {
        "building_id": "tile8_image_part_009_bldg_0024",
        "source_image": "tile8_image_part_009.jpg",
        "area_pixels": 460.0,
        "perimeter_pixels": 91.37,
        "mean_confidence": 0.5406,
        "spatial_reference_note": "Geographic coordinates unavailable because input imagery is not georeferenced."
      }
    },
    {
      "type": "Feature",
      "geometry": {
        "type": "Polygon",
        "coordinates": [
          [
            [
              2020.0,
              459.0
            ],
            [
              2020.0,
              461.0
            ],
            [
              2021.0,
              461.0
            ],
            [
              2024.0,
              463.0
            ],
            [
              2024.0,
              465.0
            ],
            [
              2023.0,
              466.0
            ],
            [
              2023.0,
              468.0
            ],
            [
              2026.0,
              471.0
            ],
            [
              2039.0,
              471.0
            ],
            [
              2042.0,
              469.0
            ],
            [
              2042.0,
              467.0
            ],
            [
              2040.0,
              465.0
            ],
            [
              2040.0,
              464.0
            ],
            [
              2039.0,
              463.0
            ],
            [
              2037.0,
              463.0
            ],
            [
              2036.0,
              462.0
            ],
            [
              2025.0,
              462.0
            ],
            [
              2024.0,
              461.0
            ],
            [
              2024.0,
              458.0
            ],
            [
              2021.0,
              458.0
            ],
            [
              2020.0,
              459.0
            ]
          ]
        ]
      },
      "properties": {
        "building_id": "tile8_image_part_009_bldg_0025",
        "source_image": "tile8_image_part_009.jpg",
        "area_pixels": 163.0,
        "perimeter_pixels": 63.35,
        "mean_confidence": 0.516,
        "spatial_reference_note": "Geographic coordinates unavailable because input imagery is not georeferenced."
      }
    },
    {
      "type": "Feature",
      "geometry": {
        "type": "Polygon",
        "coordinates": [
          [
            [
              1790.0,
              543.0
            ],
            [
              1798.0,
              563.0
            ],
            [
              1842.0,
              591.0
            ],
            [
              1866.0,
              597.0
            ],
            [
              1909.0,
              593.0
            ],
            [
              1933.0,
              579.0
            ],
            [
              1949.0,
              560.0
            ],
            [
              1942.0,
              545.0
            ],
            [
              1916.0,
              510.0
            ],
            [
              1905.0,
              502.0
            ],
            [
              1881.0,
              497.0
            ],
            [
              1851.0,
              485.0
            ],
            [
              1841.0,
              486.0
            ],
            [
              1816.0,
              521.0
            ],
            [
              1803.0,
              529.0
            ],
            [
              1790.0,
              543.0
            ]
          ]
        ]
      },
      "properties": {
        "building_id": "tile8_image_part_009_bldg_0026",
        "source_image": "tile8_image_part_009.jpg",
        "area_pixels": 11727.0,
        "perimeter_pixels": 412.25,
        "mean_confidence": 0.8587,
        "spatial_reference_note": "Geographic coordinates unavailable because input imagery is not georeferenced."
      }
    },
    {
      "type": "Feature",
      "geometry": {
        "type": "Polygon",
        "coordinates": [
          [
            [
              2057.0,
              517.0
            ],
            [
              2042.0,
              511.0
            ],
            [
              2030.0,
              500.0
            ],
            [
              2022.0,
              497.0
            ],
            [
              2003.0,
              499.0
            ],
            [
              1995.0,
              503.0
            ],
            [
              1981.0,
              517.0
            ],
            [
              1983.0,
              522.0
            ],
            [
              1973.0,
              543.0
            ],
            [
              1972.0,
              557.0
            ],
            [
              1979.0,
              564.0
            ],
            [
              1981.0,
              574.0
            ],
            [
              1983.0,
              576.0
            ],
            [
              1994.0,
              577.0
            ],
            [
              2001.0,
              581.0
            ],
            [
              2005.0,
              577.0
            ],
            [
              2028.0,
              576.0
            ],
            [
              2036.0,
              572.0
            ],
            [
              2058.0,
              538.0
            ],
            [
              2057.0,
              517.0
            ]
          ]
        ]
      },
      "properties": {
        "building_id": "tile8_image_part_009_bldg_0027",
        "source_image": "tile8_image_part_009.jpg",
        "area_pixels": 5246.0,
        "perimeter_pixels": 272.68,
        "mean_confidence": 0.6982,
        "spatial_reference_note": "Geographic coordinates unavailable because input imagery is not georeferenced."
      }
    },
    {
      "type": "Feature",
      "geometry": {
        "type": "Polygon",
        "coordinates": [
          [
            [
              428.0,
              550.0
            ],
            [
              424.0,
              546.0
            ],
            [
              409.0,
              546.0
            ],
            [
              406.0,
              548.0
            ],
            [
              399.0,
              548.0
            ],
            [
              394.0,
              553.0
            ],
            [
              388.0,
              553.0
            ],
            [
              380.0,
              559.0
            ],
            [
              360.0,
              563.0
            ],
            [
              351.0,
              568.0
            ],
            [
              325.0,
              593.0
            ],
            [
              325.0,
              596.0
            ],
            [
              339.0,
              595.0
            ],
            [
              343.0,
              598.0
            ],
            [
              355.0,
              599.0
            ],
            [
              377.0,
              593.0
            ],
            [
              409.0,
              572.0
            ],
            [
              423.0,
              560.0
            ],
            [
              428.0,
              550.0
            ]
          ]
        ]
      },
      "properties": {
        "building_id": "tile8_image_part_009_bldg_0028",
        "source_image": "tile8_image_part_009.jpg",
        "area_pixels": 2576.0,
        "perimeter_pixels": 245.87,
        "mean_confidence": 0.657,
        "spatial_reference_note": "Geographic coordinates unavailable because input imagery is not georeferenced."
      }
    },
    {
      "type": "Feature",
      "geometry": {
        "type": "Polygon",
        "coordinates": [
          [
            [
              525.0,
              568.0
            ],
            [
              506.0,
              569.0
            ],
            [
              501.0,
              574.0
            ],
            [
              493.0,
              574.0
            ],
            [
              484.0,
              586.0
            ],
            [
              461.0,
              600.0
            ],
            [
              441.0,
              637.0
            ],
            [
              432.0,
              641.0
            ],
            [
              423.0,
              657.0
            ],
            [
              418.0,
              660.0
            ],
            [
              416.0,
              676.0
            ],
            [
              423.0,
              697.0
            ],
            [
              450.0,
              702.0
            ],
            [
              454.0,
              697.0
            ],
            [
              454.0,
              684.0
            ],
            [
              458.0,
              676.0
            ],
            [
              457.0,
              661.0
            ],
            [
              453.0,
              653.0
            ],
            [
              472.0,
              635.0
            ],
            [
              485.0,
              636.0
            ],
            [
              530.0,
              607.0
            ],
            [
              534.0,
              582.0
            ],
            [
              525.0,
              568.0
            ]
          ]
        ]
      },
      "properties": {
        "building_id": "tile8_image_part_009_bldg_0029",
        "source_image": "tile8_image_part_009.jpg",
        "area_pixels": 5881.0,
        "perimeter_pixels": 404.87,
        "mean_confidence": 0.6546,
        "spatial_reference_note": "Geographic coordinates unavailable because input imagery is not georeferenced."
      }
    },
    {
      "type": "Feature",
      "geometry": {
        "type": "Polygon",
        "coordinates": [
          [
            [
              286.0,
              593.0
            ],
            [
              284.0,
              595.0
            ],
            [
              271.0,
              598.0
            ],
            [
              254.0,
              612.0
            ],
            [
              251.0,
              616.0
            ],
            [
              248.0,
              631.0
            ],
            [
              249.0,
              636.0
            ],
            [
              255.0,
              645.0
            ],
            [
              262.0,
              647.0
            ],
            [
              275.0,
              656.0
            ],
            [
              294.0,
              657.0
            ],
            [
              305.0,
              653.0
            ],
            [
              310.0,
              645.0
            ],
            [
              323.0,
              633.0
            ],
            [
              329.0,
              622.0
            ],
            [
              327.0,
              610.0
            ],
            [
              322.0,
              610.0
            ],
            [
              317.0,
              607.0
            ],
            [
              313.0,
              601.0
            ],
            [
              300.0,
              594.0
            ],
            [
              286.0,
              593.0
            ]
          ]
        ]
      },
      "properties": {
        "building_id": "tile8_image_part_009_bldg_0030",
        "source_image": "tile8_image_part_009.jpg",
        "area_pixels": 3706.5,
        "perimeter_pixels": 226.89,
        "mean_confidence": 0.7616,
        "spatial_reference_note": "Geographic coordinates unavailable because input imagery is not georeferenced."
      }
    },
    {
      "type": "Feature",
      "geometry": {
        "type": "Polygon",
        "coordinates": [
          [
            [
              1859.0,
              667.0
            ],
            [
              1862.0,
              690.0
            ],
            [
              1878.0,
              716.0
            ],
            [
              1911.0,
              718.0
            ],
            [
              1936.0,
              711.0
            ],
            [
              1963.0,
              698.0
            ],
            [
              1985.0,
              693.0
            ],
            [
              2002.0,
              679.0
            ],
            [
              2007.0,
              663.0
            ],
            [
              1999.0,
              657.0
            ],
            [
              1990.0,
              663.0
            ],
            [
              1961.0,
              664.0
            ],
            [
              1954.0,
              668.0
            ],
            [
              1926.0,
              644.0
            ],
            [
              1922.0,
              626.0
            ],
            [
              1909.0,
              624.0
            ],
            [
              1893.0,
              628.0
            ],
            [
              1875.0,
              640.0
            ],
            [
              1859.0,
              667.0
            ]
          ]
        ]
      },
      "properties": {
        "building_id": "tile8_image_part_009_bldg_0031",
        "source_image": "tile8_image_part_009.jpg",
        "area_pixels": 8106.0,
        "perimeter_pixels": 399.94,
        "mean_confidence": 0.828,
        "spatial_reference_note": "Geographic coordinates unavailable because input imagery is not georeferenced."
      }
    },
    {
      "type": "Feature",
      "geometry": {
        "type": "Polygon",
        "coordinates": [
          [
            [
              204.0,
              649.0
            ],
            [
              195.0,
              646.0
            ],
            [
              181.0,
              650.0
            ],
            [
              155.0,
              672.0
            ],
            [
              150.0,
              685.0
            ],
            [
              156.0,
              692.0
            ],
            [
              156.0,
              697.0
            ],
            [
              154.0,
              699.0
            ],
            [
              147.0,
              699.0
            ],
            [
              137.0,
              713.0
            ],
            [
              142.0,
              723.0
            ],
            [
              148.0,
              723.0
            ],
            [
              152.0,
              727.0
            ],
            [
              158.0,
              723.0
            ],
            [
              165.0,
              725.0
            ],
            [
              171.0,
              718.0
            ],
            [
              204.0,
              709.0
            ],
            [
              215.0,
              699.0
            ],
            [
              215.0,
              687.0
            ],
            [
              211.0,
              685.0
            ],
            [
              208.0,
              680.0
            ],
            [
              210.0,
              667.0
            ],
            [
              207.0,
              661.0
            ],
            [
              207.0,
              652.0
            ],
            [
              204.0,
              649.0
            ]
          ]
        ]
      },
      "properties": {
        "building_id": "tile8_image_part_009_bldg_0032",
        "source_image": "tile8_image_part_009.jpg",
        "area_pixels": 3780.5,
        "perimeter_pixels": 264.31,
        "mean_confidence": 0.6096,
        "spatial_reference_note": "Geographic coordinates unavailable because input imagery is not georeferenced."
      }
    },
    {
      "type": "Feature",
      "geometry": {
        "type": "Polygon",
        "coordinates": [
          [
            [
              584.0,
              701.0
            ],
            [
              508.0,
              691.0
            ],
            [
              431.0,
              743.0
            ],
            [
              387.0,
              741.0
            ],
            [
              395.0,
              704.0
            ],
            [
              369.0,
              670.0
            ],
            [
              317.0,
              668.0
            ],
            [
              289.0,
              715.0
            ],
            [
              243.0,
              716.0
            ],
            [
              217.0,
              741.0
            ],
            [
              159.0,
              768.0
            ],
            [
              152.0,
              784.0
            ],
            [
              117.0,
              808.0
            ],
            [
              100.0,
              841.0
            ],
            [
              118.0,
              855.0
            ],
            [
              141.0,
              841.0
            ],
            [
              192.0,
              846.0
            ],
            [
              299.0,
              798.0
            ],
            [
              317.0,
              765.0
            ],
            [
              337.0,
              767.0
            ],
            [
              364.0,
              807.0
            ],
            [
              471.0,
              791.0
            ],
            [
              567.0,
              749.0
            ],
            [
              583.0,
              728.0
            ],
            [
              584.0,
              701.0
            ]
          ]
        ]
      },
      "properties": {
        "building_id": "tile8_image_part_009_bldg_0033",
        "source_image": "tile8_image_part_009.jpg",
        "area_pixels": 38411.5,
        "perimeter_pixels": 1234.69,
        "mean_confidence": 0.7925,
        "spatial_reference_note": "Geographic coordinates unavailable because input imagery is not georeferenced."
      }
    },
    {
      "type": "Feature",
      "geometry": {
        "type": "Polygon",
        "coordinates": [
          [
            [
              1509.0,
              730.0
            ],
            [
              1502.0,
              729.0
            ],
            [
              1493.0,
              724.0
            ],
            [
              1490.0,
              724.0
            ],
            [
              1483.0,
              729.0
            ],
            [
              1467.0,
              733.0
            ],
            [
              1460.0,
              738.0
            ],
            [
              1454.0,
              738.0
            ],
            [
              1450.0,
              735.0
            ],
            [
              1445.0,
              735.0
            ],
            [
              1441.0,
              738.0
            ],
            [
              1440.0,
              741.0
            ],
            [
              1440.0,
              754.0
            ],
            [
              1452.0,
              760.0
            ],
            [
              1460.0,
              760.0
            ],
            [
              1467.0,
              763.0
            ],
            [
              1470.0,
              763.0
            ],
            [
              1474.0,
              760.0
            ],
            [
              1480.0,
              760.0
            ],
            [
              1489.0,
              756.0
            ],
            [
              1497.0,
              756.0
            ],
            [
              1500.0,
              750.0
            ],
            [
              1500.0,
              744.0
            ],
            [
              1502.0,
              742.0
            ],
            [
              1508.0,
              743.0
            ],
            [
              1509.0,
              730.0
            ]
          ]
        ]
      },
      "properties": {
        "building_id": "tile8_image_part_009_bldg_0034",
        "source_image": "tile8_image_part_009.jpg",
        "area_pixels": 1714.5,
        "perimeter_pixels": 186.76,
        "mean_confidence": 0.6081,
        "spatial_reference_note": "Geographic coordinates unavailable because input imagery is not georeferenced."
      }
    },
    {
      "type": "Feature",
      "geometry": {
        "type": "Polygon",
        "coordinates": [
          [
            [
              78.0,
              732.0
            ],
            [
              53.0,
              729.0
            ],
            [
              37.0,
              735.0
            ],
            [
              19.0,
              737.0
            ],
            [
              9.0,
              747.0
            ],
            [
              0.0,
              746.0
            ],
            [
              0.0,
              822.0
            ],
            [
              23.0,
              824.0
            ],
            [
              29.0,
              822.0
            ],
            [
              40.0,
              810.0
            ],
            [
              46.0,
              797.0
            ],
            [
              54.0,
              791.0
            ],
            [
              58.0,
              783.0
            ],
            [
              67.0,
              775.0
            ],
            [
              84.0,
              745.0
            ],
            [
              83.0,
              737.0
            ],
            [
              78.0,
              732.0
            ]
          ]
        ]
      },
      "properties": {
        "building_id": "tile8_image_part_009_bldg_0035",
        "source_image": "tile8_image_part_009.jpg",
        "area_pixels": 5320.5,
        "perimeter_pixels": 300.18,
        "mean_confidence": 0.8177,
        "spatial_reference_note": "Geographic coordinates unavailable because input imagery is not georeferenced."
      }
    },
    {
      "type": "Feature",
      "geometry": {
        "type": "Polygon",
        "coordinates": [
          [
            [
              1438.0,
              919.0
            ],
            [
              1451.0,
              929.0
            ],
            [
              1478.0,
              928.0
            ],
            [
              1501.0,
              954.0
            ],
            [
              1530.0,
              954.0
            ],
            [
              1585.0,
              915.0
            ],
            [
              1611.0,
              881.0
            ],
            [
              1653.0,
              908.0
            ],
            [
              1728.0,
              921.0
            ],
            [
              1782.0,
              898.0
            ],
            [
              1809.0,
              867.0
            ],
            [
              1822.0,
              829.0
            ],
            [
              1787.0,
              818.0
            ],
            [
              1720.0,
              824.0
            ],
            [
              1721.0,
              790.0
            ],
            [
              1664.0,
              784.0
            ],
            [
              1547.0,
              731.0
            ],
            [
              1500.0,
              759.0
            ],
            [
              1499.0,
              791.0
            ],
            [
              1525.0,
              826.0
            ],
            [
              1471.0,
              840.0
            ],
            [
              1443.0,
              859.0
            ],
            [
              1435.0,
              884.0
            ],
            [
              1447.0,
              907.0
            ],
            [
              1438.0,
              919.0
            ]
          ]
        ]
      },
      "properties": {
        "building_id": "tile8_image_part_009_bldg_0036",
        "source_image": "tile8_image_part_009.jpg",
        "area_pixels": 46768.0,
        "perimeter_pixels": 1094.24,
        "mean_confidence": 0.8726,
        "spatial_reference_note": "Geographic coordinates unavailable because input imagery is not georeferenced."
      }
    },
    {
      "type": "Feature",
      "geometry": {
        "type": "Polygon",
        "coordinates": [
          [
            [
              1173.0,
              784.0
            ],
            [
              1159.0,
              762.0
            ],
            [
              1150.0,
              754.0
            ],
            [
              1132.0,
              752.0
            ],
            [
              1128.0,
              756.0
            ],
            [
              1110.0,
              764.0
            ],
            [
              1101.0,
              773.0
            ],
            [
              1094.0,
              775.0
            ],
            [
              1088.0,
              782.0
            ],
            [
              1082.0,
              783.0
            ],
            [
              1074.0,
              798.0
            ],
            [
              1073.0,
              804.0
            ],
            [
              1076.0,
              810.0
            ],
            [
              1083.0,
              813.0
            ],
            [
              1109.0,
              816.0
            ],
            [
              1123.0,
              815.0
            ],
            [
              1144.0,
              808.0
            ],
            [
              1162.0,
              809.0
            ],
            [
              1166.0,
              803.0
            ],
            [
              1172.0,
              801.0
            ],
            [
              1173.0,
              784.0
            ]
          ]
        ]
      },
      "properties": {
        "building_id": "tile8_image_part_009_bldg_0037",
        "source_image": "tile8_image_part_009.jpg",
        "area_pixels": 4399.0,
        "perimeter_pixels": 265.24,
        "mean_confidence": 0.722,
        "spatial_reference_note": "Geographic coordinates unavailable because input imagery is not georeferenced."
      }
    },
    {
      "type": "Feature",
      "geometry": {
        "type": "Polygon",
        "coordinates": [
          [
            [
              1013.0,
              829.0
            ],
            [
              1053.0,
              848.0
            ],
            [
              965.0,
              868.0
            ],
            [
              958.0,
              915.0
            ],
            [
              985.0,
              945.0
            ],
            [
              981.0,
              972.0
            ],
            [
              1029.0,
              961.0
            ],
            [
              1105.0,
              981.0
            ],
            [
              1063.0,
              1037.0
            ],
            [
              1067.0,
              1101.0
            ],
            [
              1038.0,
              1121.0
            ],
            [
              1067.0,
              1145.0
            ],
            [
              1061.0,
              1180.0
            ],
            [
              1134.0,
              1194.0
            ],
            [
              1187.0,
              1178.0
            ],
            [
              1204.0,
              1209.0
            ],
            [
              1256.0,
              1200.0
            ],
            [
              1272.0,
              1179.0
            ],
            [
              1266.0,
              1147.0
            ],
            [
              1221.0,
              1087.0
            ],
            [
              1273.0,
              1082.0
            ],
            [
              1325.0,
              1026.0
            ],
            [
              1269.0,
              972.0
            ],
            [
              1233.0,
              974.0
            ],
            [
              1199.0,
              999.0
            ],
            [
              1148.0,
              972.0
            ],
            [
              1147.0,
              959.0
            ],
            [
              1224.0,
              924.0
            ],
            [
              1218.0,
              856.0
            ],
            [
              1156.0,
              818.0
            ],
            [
              1080.0,
              829.0
            ],
            [
              1072.0,
              851.0
            ],
            [
              1049.0,
              821.0
            ],
            [
              1013.0,
              829.0
            ]
          ]
        ]
      },
      "properties": {
        "building_id": "tile8_image_part_009_bldg_0038",
        "source_image": "tile8_image_part_009.jpg",
        "area_pixels": 75532.5,
        "perimeter_pixels": 1727.72,
        "mean_confidence": 0.8349,
        "spatial_reference_note": "Geographic coordinates unavailable because input imagery is not georeferenced."
      }
    },
    {
      "type": "Feature",
      "geometry": {
        "type": "Polygon",
        "coordinates": [
          [
            [
              746.0,
              851.0
            ],
            [
              750.0,
              867.0
            ],
            [
              742.0,
              888.0
            ],
            [
              739.0,
              918.0
            ],
            [
              732.0,
              926.0
            ],
            [
              733.0,
              938.0
            ],
            [
              758.0,
              952.0
            ],
            [
              778.0,
              951.0
            ],
            [
              803.0,
              943.0
            ],
            [
              826.0,
              921.0
            ],
            [
              840.0,
              949.0
            ],
            [
              838.0,
              965.0
            ],
            [
              847.0,
              972.0
            ],
            [
              873.0,
              977.0
            ],
            [
              893.0,
              965.0
            ],
            [
              923.0,
              964.0
            ],
            [
              931.0,
              956.0
            ],
            [
              930.0,
              947.0
            ],
            [
              903.0,
              935.0
            ],
            [
              910.0,
              882.0
            ],
            [
              898.0,
              861.0
            ],
            [
              862.0,
              852.0
            ],
            [
              812.0,
              861.0
            ],
            [
              782.0,
              845.0
            ],
            [
              757.0,
              844.0
            ],
            [
              746.0,
              851.0
            ]
          ]
        ]
      },
      "properties": {
        "building_id": "tile8_image_part_009_bldg_0039",
        "source_image": "tile8_image_part_009.jpg",
        "area_pixels": 17074.5,
        "perimeter_pixels": 624.72,
        "mean_confidence": 0.7529,
        "spatial_reference_note": "Geographic coordinates unavailable because input imagery is not georeferenced."
      }
    },
    {
      "type": "Feature",
      "geometry": {
        "type": "Polygon",
        "coordinates": [
          [
            [
              264.0,
              876.0
            ],
            [
              259.0,
              871.0
            ],
            [
              252.0,
              869.0
            ],
            [
              247.0,
              864.0
            ],
            [
              238.0,
              863.0
            ],
            [
              234.0,
              860.0
            ],
            [
              227.0,
              861.0
            ],
            [
              219.0,
              875.0
            ],
            [
              215.0,
              879.0
            ],
            [
              210.0,
              880.0
            ],
            [
              197.0,
              896.0
            ],
            [
              196.0,
              907.0
            ],
            [
              198.0,
              912.0
            ],
            [
              201.0,
              913.0
            ],
            [
              209.0,
              922.0
            ],
            [
              216.0,
              922.0
            ],
            [
              219.0,
              924.0
            ],
            [
              244.0,
              920.0
            ],
            [
              248.0,
              918.0
            ],
            [
              255.0,
              918.0
            ],
            [
              258.0,
              915.0
            ],
            [
              260.0,
              905.0
            ],
            [
              264.0,
              900.0
            ],
            [
              264.0,
              892.0
            ],
            [
              262.0,
              888.0
            ],
            [
              263.0,
              882.0
            ],
            [
              265.0,
              880.0
            ],
            [
              264.0,
              876.0
            ]
          ]
        ]
      },
      "properties": {
        "building_id": "tile8_image_part_009_bldg_0040",
        "source_image": "tile8_image_part_009.jpg",
        "area_pixels": 3114.0,
        "perimeter_pixels": 215.42,
        "mean_confidence": 0.6269,
        "spatial_reference_note": "Geographic coordinates unavailable because input imagery is not georeferenced."
      }
    },
    {
      "type": "Feature",
      "geometry": {
        "type": "Polygon",
        "coordinates": [
          [
            [
              1399.0,
              906.0
            ],
            [
              1399.0,
              908.0
            ],
            [
              1400.0,
              909.0
            ],
            [
              1400.0,
              913.0
            ],
            [
              1401.0,
              914.0
            ],
            [
              1401.0,
              916.0
            ],
            [
              1402.0,
              917.0
            ],
            [
              1402.0,
              918.0
            ],
            [
              1405.0,
              921.0
            ],
            [
              1412.0,
              921.0
            ],
            [
              1415.0,
              919.0
            ],
            [
              1417.0,
              919.0
            ],
            [
              1417.0,
              917.0
            ],
            [
              1415.0,
              915.0
            ],
            [
              1415.0,
              913.0
            ],
            [
              1416.0,
              912.0
            ],
            [
              1419.0,
              911.0
            ],
            [
              1419.0,
              910.0
            ],
            [
              1421.0,
              908.0
            ],
            [
              1421.0,
              905.0
            ],
            [
              1420.0,
              905.0
            ],
            [
              1418.0,
              903.0
            ],
            [
              1416.0,
              903.0
            ],
            [
              1415.0,
              904.0
            ],
            [
              1413.0,
              904.0
            ],
            [
              1409.0,
              900.0
            ],
            [
              1406.0,
              900.0
            ],
            [
              1404.0,
              902.0
            ],
            [
              1403.0,
              902.0
            ],
            [
              1401.0,
              905.0
            ],
            [
              1400.0,
              905.0
            ],
            [
              1399.0,
              906.0
            ]
          ]
        ]
      },
      "properties": {
        "building_id": "tile8_image_part_009_bldg_0041",
        "source_image": "tile8_image_part_009.jpg",
        "area_pixels": 315.0,
        "perimeter_pixels": 76.07,
        "mean_confidence": 0.5238,
        "spatial_reference_note": "Geographic coordinates unavailable because input imagery is not georeferenced."
      }
    },
    {
      "type": "Feature",
      "geometry": {
        "type": "Polygon",
        "coordinates": [
          [
            [
              380.0,
              918.0
            ],
            [
              364.0,
              906.0
            ],
            [
              302.0,
              937.0
            ],
            [
              290.0,
              967.0
            ],
            [
              303.0,
              990.0
            ],
            [
              300.0,
              1003.0
            ],
            [
              285.0,
              999.0
            ],
            [
              275.0,
              972.0
            ],
            [
              235.0,
              968.0
            ],
            [
              189.0,
              1007.0
            ],
            [
              124.0,
              1038.0
            ],
            [
              108.0,
              1072.0
            ],
            [
              41.0,
              1091.0
            ],
            [
              32.0,
              1102.0
            ],
            [
              37.0,
              1114.0
            ],
            [
              66.0,
              1130.0
            ],
            [
              120.0,
              1099.0
            ],
            [
              158.0,
              1125.0
            ],
            [
              221.0,
              1192.0
            ],
            [
              243.0,
              1201.0
            ],
            [
              265.0,
              1196.0
            ],
            [
              318.0,
              1139.0
            ],
            [
              313.0,
              1081.0
            ],
            [
              342.0,
              1059.0
            ],
            [
              333.0,
              1025.0
            ],
            [
              371.0,
              983.0
            ],
            [
              359.0,
              951.0
            ],
            [
              366.0,
              938.0
            ],
            [
              379.0,
              937.0
            ],
            [
              380.0,
              918.0
            ]
          ]
        ]
      },
      "properties": {
        "building_id": "tile8_image_part_009_bldg_0042",
        "source_image": "tile8_image_part_009.jpg",
        "area_pixels": 42262.0,
        "perimeter_pixels": 1137.65,
        "mean_confidence": 0.8105,
        "spatial_reference_note": "Geographic coordinates unavailable because input imagery is not georeferenced."
      }
    },
    {
      "type": "Feature",
      "geometry": {
        "type": "Polygon",
        "coordinates": [
          [
            [
              1491.0,
              966.0
            ],
            [
              1480.0,
              965.0
            ],
            [
              1474.0,
              958.0
            ],
            [
              1457.0,
              964.0
            ],
            [
              1435.0,
              978.0
            ],
            [
              1430.0,
              988.0
            ],
            [
              1413.0,
              1005.0
            ],
            [
              1395.0,
              1007.0
            ],
            [
              1391.0,
              1003.0
            ],
            [
              1381.0,
              1001.0
            ],
            [
              1372.0,
              1003.0
            ],
            [
              1363.0,
              1013.0
            ],
            [
              1362.0,
              1023.0
            ],
            [
              1369.0,
              1029.0
            ],
            [
              1370.0,
              1038.0
            ],
            [
              1375.0,
              1041.0
            ],
            [
              1394.0,
              1043.0
            ],
            [
              1412.0,
              1041.0
            ],
            [
              1424.0,
              1027.0
            ],
            [
              1435.0,
              1024.0
            ],
            [
              1445.0,
              1013.0
            ],
            [
              1453.0,
              1011.0
            ],
            [
              1456.0,
              1003.0
            ],
            [
              1469.0,
              988.0
            ],
            [
              1479.0,
              981.0
            ],
            [
              1490.0,
              979.0
            ],
            [
              1491.0,
              966.0
            ]
          ]
        ]
      },
      "properties": {
        "building_id": "tile8_image_part_009_bldg_0043",
        "source_image": "tile8_image_part_009.jpg",
        "area_pixels": 4296.5,
        "perimeter_pixels": 345.37,
        "mean_confidence": 0.6151,
        "spatial_reference_note": "Geographic coordinates unavailable because input imagery is not georeferenced."
      }
    },
    {
      "type": "Feature",
      "geometry": {
        "type": "Polygon",
        "coordinates": [
          [
            [
              543.0,
              992.0
            ],
            [
              539.0,
              1001.0
            ],
            [
              538.0,
              1014.0
            ],
            [
              533.0,
              1021.0
            ],
            [
              529.0,
              1036.0
            ],
            [
              529.0,
              1045.0
            ],
            [
              534.0,
              1055.0
            ],
            [
              578.0,
              1054.0
            ],
            [
              581.0,
              1064.0
            ],
            [
              590.0,
              1077.0
            ],
            [
              606.0,
              1082.0
            ],
            [
              613.0,
              1082.0
            ],
            [
              631.0,
              1070.0
            ],
            [
              635.0,
              1062.0
            ],
            [
              635.0,
              1052.0
            ],
            [
              628.0,
              1018.0
            ],
            [
              617.0,
              1015.0
            ],
            [
              608.0,
              1009.0
            ],
            [
              579.0,
              1001.0
            ],
            [
              572.0,
              995.0
            ],
            [
              557.0,
              989.0
            ],
            [
              543.0,
              992.0
            ]
          ]
        ]
      },
      "properties": {
        "building_id": "tile8_image_part_009_bldg_0044",
        "source_image": "tile8_image_part_009.jpg",
        "area_pixels": 6330.0,
        "perimeter_pixels": 328.51,
        "mean_confidence": 0.6805,
        "spatial_reference_note": "Geographic coordinates unavailable because input imagery is not georeferenced."
      }
    },
    {
      "type": "Feature",
      "geometry": {
        "type": "Polygon",
        "coordinates": [
          [
            [
              1981.0,
              1007.0
            ],
            [
              1971.0,
              1013.0
            ],
            [
              1963.0,
              1021.0
            ],
            [
              1960.0,
              1027.0
            ],
            [
              1958.0,
              1045.0
            ],
            [
              1978.0,
              1062.0
            ],
            [
              1981.0,
              1062.0
            ],
            [
              1988.0,
              1067.0
            ],
            [
              2000.0,
              1067.0
            ],
            [
              2020.0,
              1055.0
            ],
            [
              2026.0,
              1049.0
            ],
            [
              2029.0,
              1041.0
            ],
            [
              2029.0,
              1037.0
            ],
            [
              2027.0,
              1034.0
            ],
            [
              2027.0,
              1025.0
            ],
            [
              2021.0,
              1020.0
            ],
            [
              2017.0,
              1011.0
            ],
            [
              2013.0,
              1008.0
            ],
            [
              2005.0,
              1008.0
            ],
            [
              2002.0,
              1006.0
            ],
            [
              1981.0,
              1007.0
            ]
          ]
        ]
      },
      "properties": {
        "building_id": "tile8_image_part_009_bldg_0045",
        "source_image": "tile8_image_part_009.jpg",
        "area_pixels": 3271.0,
        "perimeter_pixels": 209.89,
        "mean_confidence": 0.7316,
        "spatial_reference_note": "Geographic coordinates unavailable because input imagery is not georeferenced."
      }
    },
    {
      "type": "Feature",
      "geometry": {
        "type": "Polygon",
        "coordinates": [
          [
            [
              888.0,
              1403.0
            ],
            [
              859.0,
              1367.0
            ],
            [
              779.0,
              1378.0
            ],
            [
              757.0,
              1350.0
            ],
            [
              763.0,
              1320.0
            ],
            [
              805.0,
              1313.0
            ],
            [
              825.0,
              1283.0
            ],
            [
              854.0,
              1287.0
            ],
            [
              880.0,
              1257.0
            ],
            [
              890.0,
              1101.0
            ],
            [
              876.0,
              1019.0
            ],
            [
              842.0,
              1018.0
            ],
            [
              746.0,
              1061.0
            ],
            [
              780.0,
              1103.0
            ],
            [
              678.0,
              1113.0
            ],
            [
              672.0,
              1172.0
            ],
            [
              731.0,
              1192.0
            ],
            [
              623.0,
              1199.0
            ],
            [
              604.0,
              1178.0
            ],
            [
              562.0,
              1216.0
            ],
            [
              489.0,
              1179.0
            ],
            [
              450.0,
              1188.0
            ],
            [
              456.0,
              1213.0
            ],
            [
              594.0,
              1298.0
            ],
            [
              591.0,
              1222.0
            ],
            [
              634.0,
              1220.0
            ],
            [
              654.0,
              1259.0
            ],
            [
              709.0,
              1280.0
            ],
            [
              675.0,
              1316.0
            ],
            [
              735.0,
              1373.0
            ],
            [
              728.0,
              1397.0
            ],
            [
              835.0,
              1415.0
            ],
            [
              888.0,
              1403.0
            ]
          ]
        ]
      },
      "properties": {
        "building_id": "tile8_image_part_009_bldg_0046",
        "source_image": "tile8_image_part_009.jpg",
        "area_pixels": 69027.0,
        "perimeter_pixels": 2042.4,
        "mean_confidence": 0.7336,
        "spatial_reference_note": "Geographic coordinates unavailable because input imagery is not georeferenced."
      }
    },
    {
      "type": "Feature",
      "geometry": {
        "type": "Polygon",
        "coordinates": [
          [
            [
              1491.0,
              1042.0
            ],
            [
              1486.0,
              1043.0
            ],
            [
              1481.0,
              1048.0
            ],
            [
              1475.0,
              1045.0
            ],
            [
              1468.0,
              1045.0
            ],
            [
              1465.0,
              1047.0
            ],
            [
              1461.0,
              1047.0
            ],
            [
              1441.0,
              1057.0
            ],
            [
              1432.0,
              1071.0
            ],
            [
              1435.0,
              1080.0
            ],
            [
              1437.0,
              1082.0
            ],
            [
              1446.0,
              1084.0
            ],
            [
              1451.0,
              1088.0
            ],
            [
              1454.0,
              1088.0
            ],
            [
              1457.0,
              1083.0
            ],
            [
              1465.0,
              1085.0
            ],
            [
              1485.0,
              1082.0
            ],
            [
              1487.0,
              1071.0
            ],
            [
              1485.0,
              1069.0
            ],
            [
              1484.0,
              1064.0
            ],
            [
              1486.0,
              1062.0
            ],
            [
              1491.0,
              1062.0
            ],
            [
              1492.0,
              1060.0
            ],
            [
              1491.0,
              1042.0
            ]
          ]
        ]
      },
      "properties": {
        "building_id": "tile8_image_part_009_bldg_0047",
        "source_image": "tile8_image_part_009.jpg",
        "area_pixels": 1844.5,
        "perimeter_pixels": 184.93,
        "mean_confidence": 0.5841,
        "spatial_reference_note": "Geographic coordinates unavailable because input imagery is not georeferenced."
      }
    },
    {
      "type": "Feature",
      "geometry": {
        "type": "Polygon",
        "coordinates": [
          [
            [
              1054.0,
              1070.0
            ],
            [
              1052.0,
              1070.0
            ],
            [
              1051.0,
              1069.0
            ],
            [
              1043.0,
              1069.0
            ],
            [
              1042.0,
              1070.0
            ],
            [
              1038.0,
              1070.0
            ],
            [
              1037.0,
              1071.0
            ],
            [
              1037.0,
              1072.0
            ],
            [
              1034.0,
              1076.0
            ],
            [
              1034.0,
              1078.0
            ],
            [
              1032.0,
              1081.0
            ],
            [
              1032.0,
              1088.0
            ],
            [
              1036.0,
              1091.0
            ],
            [
              1036.0,
              1092.0
            ],
            [
              1037.0,
              1093.0
            ],
            [
              1037.0,
              1095.0
            ],
            [
              1038.0,
              1095.0
            ],
            [
              1041.0,
              1097.0
            ],
            [
              1044.0,
              1097.0
            ],
            [
              1047.0,
              1095.0
            ],
            [
              1047.0,
              1091.0
            ],
            [
              1048.0,
              1090.0
            ],
            [
              1048.0,
              1088.0
            ],
            [
              1053.0,
              1083.0
            ],
            [
              1053.0,
              1082.0
            ],
            [
              1055.0,
              1079.0
            ],
            [
              1056.0,
              1072.0
            ],
            [
              1054.0,
              1070.0
            ]
          ]
        ]
      },
      "properties": {
        "building_id": "tile8_image_part_009_bldg_0048",
        "source_image": "tile8_image_part_009.jpg",
        "area_pixels": 462.5,
        "perimeter_pixels": 86.46,
        "mean_confidence": 0.5337,
        "spatial_reference_note": "Geographic coordinates unavailable because input imagery is not georeferenced."
      }
    },
    {
      "type": "Feature",
      "geometry": {
        "type": "Polygon",
        "coordinates": [
          [
            [
              488.0,
              1101.0
            ],
            [
              482.0,
              1124.0
            ],
            [
              489.0,
              1137.0
            ],
            [
              511.0,
              1146.0
            ],
            [
              550.0,
              1150.0
            ],
            [
              561.0,
              1144.0
            ],
            [
              585.0,
              1148.0
            ],
            [
              589.0,
              1159.0
            ],
            [
              601.0,
              1170.0
            ],
            [
              607.0,
              1169.0
            ],
            [
              605.0,
              1159.0
            ],
            [
              632.0,
              1124.0
            ],
            [
              629.0,
              1111.0
            ],
            [
              607.0,
              1089.0
            ],
            [
              583.0,
              1085.0
            ],
            [
              566.0,
              1090.0
            ],
            [
              526.0,
              1071.0
            ],
            [
              507.0,
              1079.0
            ],
            [
              488.0,
              1101.0
            ]
          ]
        ]
      },
      "properties": {
        "building_id": "tile8_image_part_009_bldg_0049",
        "source_image": "tile8_image_part_009.jpg",
        "area_pixels": 8859.0,
        "perimeter_pixels": 407.31,
        "mean_confidence": 0.7351,
        "spatial_reference_note": "Geographic coordinates unavailable because input imagery is not georeferenced."
      }
    },
    {
      "type": "Feature",
      "geometry": {
        "type": "Polygon",
        "coordinates": [
          [
            [
              1880.0,
              1110.0
            ],
            [
              1858.0,
              1093.0
            ],
            [
              1835.0,
              1087.0
            ],
            [
              1807.0,
              1099.0
            ],
            [
              1753.0,
              1153.0
            ],
            [
              1725.0,
              1192.0
            ],
            [
              1684.0,
              1208.0
            ],
            [
              1622.0,
              1252.0
            ],
            [
              1625.0,
              1262.0
            ],
            [
              1619.0,
              1275.0
            ],
            [
              1626.0,
              1286.0
            ],
            [
              1619.0,
              1294.0
            ],
            [
              1659.0,
              1300.0
            ],
            [
              1721.0,
              1272.0
            ],
            [
              1749.0,
              1246.0
            ],
            [
              1795.0,
              1229.0
            ],
            [
              1885.0,
              1148.0
            ],
            [
              1890.0,
              1128.0
            ],
            [
              1880.0,
              1110.0
            ]
          ]
        ]
      },
      "properties": {
        "building_id": "tile8_image_part_009_bldg_0050",
        "source_image": "tile8_image_part_009.jpg",
        "area_pixels": 22346.5,
        "perimeter_pixels": 732.9,
        "mean_confidence": 0.8611,
        "spatial_reference_note": "Geographic coordinates unavailable because input imagery is not georeferenced."
      }
    },
    {
      "type": "Feature",
      "geometry": {
        "type": "Polygon",
        "coordinates": [
          [
            [
              1921.0,
              1176.0
            ],
            [
              1911.0,
              1174.0
            ],
            [
              1899.0,
              1180.0
            ],
            [
              1862.0,
              1217.0
            ],
            [
              1857.0,
              1229.0
            ],
            [
              1828.0,
              1253.0
            ],
            [
              1825.0,
              1260.0
            ],
            [
              1826.0,
              1280.0
            ],
            [
              1810.0,
              1306.0
            ],
            [
              1810.0,
              1315.0
            ],
            [
              1817.0,
              1317.0
            ],
            [
              1860.0,
              1304.0
            ],
            [
              1865.0,
              1309.0
            ],
            [
              1872.0,
              1307.0
            ],
            [
              1868.0,
              1296.0
            ],
            [
              1878.0,
              1269.0
            ],
            [
              1897.0,
              1249.0
            ],
            [
              1925.0,
              1238.0
            ],
            [
              1928.0,
              1184.0
            ],
            [
              1921.0,
              1176.0
            ]
          ]
        ]
      },
      "properties": {
        "building_id": "tile8_image_part_009_bldg_0051",
        "source_image": "tile8_image_part_009.jpg",
        "area_pixels": 7473.0,
        "perimeter_pixels": 423.19,
        "mean_confidence": 0.7529,
        "spatial_reference_note": "Geographic coordinates unavailable because input imagery is not georeferenced."
      }
    },
    {
      "type": "Feature",
      "geometry": {
        "type": "Polygon",
        "coordinates": [
          [
            [
              1052.0,
              1196.0
            ],
            [
              1046.0,
              1195.0
            ],
            [
              1030.0,
              1201.0
            ],
            [
              1021.0,
              1194.0
            ],
            [
              1012.0,
              1195.0
            ],
            [
              1008.0,
              1202.0
            ],
            [
              999.0,
              1207.0
            ],
            [
              997.0,
              1212.0
            ],
            [
              990.0,
              1218.0
            ],
            [
              990.0,
              1223.0
            ],
            [
              986.0,
              1230.0
            ],
            [
              986.0,
              1235.0
            ],
            [
              991.0,
              1241.0
            ],
            [
              995.0,
              1241.0
            ],
            [
              998.0,
              1238.0
            ],
            [
              1010.0,
              1239.0
            ],
            [
              1014.0,
              1241.0
            ],
            [
              1031.0,
              1241.0
            ],
            [
              1044.0,
              1235.0
            ],
            [
              1057.0,
              1221.0
            ],
            [
              1057.0,
              1218.0
            ],
            [
              1053.0,
              1212.0
            ],
            [
              1054.0,
              1204.0
            ],
            [
              1052.0,
              1196.0
            ]
          ]
        ]
      },
      "properties": {
        "building_id": "tile8_image_part_009_bldg_0052",
        "source_image": "tile8_image_part_009.jpg",
        "area_pixels": 2464.0,
        "perimeter_pixels": 204.16,
        "mean_confidence": 0.6258,
        "spatial_reference_note": "Geographic coordinates unavailable because input imagery is not georeferenced."
      }
    },
    {
      "type": "Feature",
      "geometry": {
        "type": "Polygon",
        "coordinates": [
          [
            [
              1206.0,
              1213.0
            ],
            [
              1178.0,
              1220.0
            ],
            [
              1150.0,
              1238.0
            ],
            [
              1137.0,
              1265.0
            ],
            [
              1134.0,
              1280.0
            ],
            [
              1115.0,
              1292.0
            ],
            [
              1110.0,
              1307.0
            ],
            [
              1110.0,
              1326.0
            ],
            [
              1114.0,
              1334.0
            ],
            [
              1129.0,
              1328.0
            ],
            [
              1144.0,
              1310.0
            ],
            [
              1165.0,
              1310.0
            ],
            [
              1217.0,
              1297.0
            ],
            [
              1231.0,
              1283.0
            ],
            [
              1231.0,
              1260.0
            ],
            [
              1224.0,
              1246.0
            ],
            [
              1210.0,
              1231.0
            ],
            [
              1206.0,
              1213.0
            ]
          ]
        ]
      },
      "properties": {
        "building_id": "tile8_image_part_009_bldg_0053",
        "source_image": "tile8_image_part_009.jpg",
        "area_pixels": 7931.5,
        "perimeter_pixels": 385.24,
        "mean_confidence": 0.759,
        "spatial_reference_note": "Geographic coordinates unavailable because input imagery is not georeferenced."
      }
    },
    {
      "type": "Feature",
      "geometry": {
        "type": "Polygon",
        "coordinates": [
          [
            [
              418.0,
              1267.0
            ],
            [
              418.0,
              1270.0
            ],
            [
              428.0,
              1280.0
            ],
            [
              437.0,
              1284.0
            ],
            [
              446.0,
              1282.0
            ],
            [
              452.0,
              1278.0
            ],
            [
              470.0,
              1279.0
            ],
            [
              474.0,
              1277.0
            ],
            [
              474.0,
              1274.0
            ],
            [
              471.0,
              1267.0
            ],
            [
              471.0,
              1261.0
            ],
            [
              466.0,
              1258.0
            ],
            [
              461.0,
              1257.0
            ],
            [
              453.0,
              1252.0
            ],
            [
              450.0,
              1248.0
            ],
            [
              445.0,
              1245.0
            ],
            [
              433.0,
              1246.0
            ],
            [
              428.0,
              1250.0
            ],
            [
              426.0,
              1255.0
            ],
            [
              421.0,
              1261.0
            ],
            [
              418.0,
              1267.0
            ]
          ]
        ]
      },
      "properties": {
        "building_id": "tile8_image_part_009_bldg_0054",
        "source_image": "tile8_image_part_009.jpg",
        "area_pixels": 1452.0,
        "perimeter_pixels": 152.08,
        "mean_confidence": 0.5962,
        "spatial_reference_note": "Geographic coordinates unavailable because input imagery is not georeferenced."
      }
    },
    {
      "type": "Feature",
      "geometry": {
        "type": "Polygon",
        "coordinates": [
          [
            [
              1957.0,
              1290.0
            ],
            [
              1939.0,
              1281.0
            ],
            [
              1911.0,
              1301.0
            ],
            [
              1876.0,
              1307.0
            ],
            [
              1877.0,
              1322.0
            ],
            [
              1860.0,
              1339.0
            ],
            [
              1818.0,
              1353.0
            ],
            [
              1796.0,
              1370.0
            ],
            [
              1783.0,
              1395.0
            ],
            [
              1735.0,
              1406.0
            ],
            [
              1732.0,
              1416.0
            ],
            [
              1760.0,
              1446.0
            ],
            [
              1760.0,
              1456.0
            ],
            [
              1707.0,
              1452.0
            ],
            [
              1677.0,
              1473.0
            ],
            [
              1888.0,
              1473.0
            ],
            [
              1892.0,
              1426.0
            ],
            [
              1922.0,
              1415.0
            ],
            [
              1939.0,
              1399.0
            ],
            [
              1947.0,
              1347.0
            ],
            [
              1942.0,
              1338.0
            ],
            [
              1960.0,
              1303.0
            ],
            [
              1957.0,
              1290.0
            ]
          ]
        ]
      },
      "properties": {
        "building_id": "tile8_image_part_009_bldg_0055",
        "source_image": "tile8_image_part_009.jpg",
        "area_pixels": 24271.5,
        "perimeter_pixels": 858.94,
        "mean_confidence": 0.8482,
        "spatial_reference_note": "Geographic coordinates unavailable because input imagery is not georeferenced."
      }
    },
    {
      "type": "Feature",
      "geometry": {
        "type": "Polygon",
        "coordinates": [
          [
            [
              810.0,
              1321.0
            ],
            [
              810.0,
              1323.0
            ],
            [
              811.0,
              1324.0
            ],
            [
              811.0,
              1325.0
            ],
            [
              812.0,
              1326.0
            ],
            [
              812.0,
              1330.0
            ],
            [
              814.0,
              1332.0
            ],
            [
              821.0,
              1332.0
            ],
            [
              823.0,
              1334.0
            ],
            [
              825.0,
              1334.0
            ],
            [
              825.0,
              1333.0
            ],
            [
              826.0,
              1332.0
            ],
            [
              826.0,
              1323.0
            ],
            [
              824.0,
              1321.0
            ],
            [
              823.0,
              1321.0
            ],
            [
              822.0,
              1320.0
            ],
            [
              821.0,
              1320.0
            ],
            [
              820.0,
              1319.0
            ],
            [
              817.0,
              1319.0
            ],
            [
              816.0,
              1320.0
            ],
            [
              811.0,
              1320.0
            ],
            [
              810.0,
              1321.0
            ]
          ]
        ]
      },
      "properties": {
        "building_id": "tile8_image_part_009_bldg_0056",
        "source_image": "tile8_image_part_009.jpg",
        "area_pixels": 179.5,
        "perimeter_pixels": 54.38,
        "mean_confidence": 0.5236,
        "spatial_reference_note": "Geographic coordinates unavailable because input imagery is not georeferenced."
      }
    },
    {
      "type": "Feature",
      "geometry": {
        "type": "Polygon",
        "coordinates": [
          [
            [
              2125.0,
              1338.0
            ],
            [
              2111.0,
              1338.0
            ],
            [
              2104.0,
              1344.0
            ],
            [
              2102.0,
              1350.0
            ],
            [
              2095.0,
              1353.0
            ],
            [
              2088.0,
              1367.0
            ],
            [
              2081.0,
              1372.0
            ],
            [
              2081.0,
              1377.0
            ],
            [
              2078.0,
              1380.0
            ],
            [
              2073.0,
              1380.0
            ],
            [
              2067.0,
              1383.0
            ],
            [
              2065.0,
              1388.0
            ],
            [
              2066.0,
              1399.0
            ],
            [
              2070.0,
              1400.0
            ],
            [
              2073.0,
              1397.0
            ],
            [
              2077.0,
              1396.0
            ],
            [
              2077.0,
              1391.0
            ],
            [
              2082.0,
              1387.0
            ],
            [
              2085.0,
              1387.0
            ],
            [
              2088.0,
              1390.0
            ],
            [
              2103.0,
              1388.0
            ],
            [
              2114.0,
              1381.0
            ],
            [
              2118.0,
              1376.0
            ],
            [
              2126.0,
              1373.0
            ],
            [
              2133.0,
              1361.0
            ],
            [
              2134.0,
              1348.0
            ],
            [
              2125.0,
              1338.0
            ]
          ]
        ]
      },
      "properties": {
        "building_id": "tile8_image_part_009_bldg_0057",
        "source_image": "tile8_image_part_009.jpg",
        "area_pixels": 1980.0,
        "perimeter_pixels": 213.43,
        "mean_confidence": 0.5915,
        "spatial_reference_note": "Geographic coordinates unavailable because input imagery is not georeferenced."
      }
    },
    {
      "type": "Feature",
      "geometry": {
        "type": "Polygon",
        "coordinates": [
          [
            [
              271.0,
              1357.0
            ],
            [
              271.0,
              1364.0
            ],
            [
              267.0,
              1368.0
            ],
            [
              260.0,
              1370.0
            ],
            [
              258.0,
              1372.0
            ],
            [
              258.0,
              1377.0
            ],
            [
              260.0,
              1379.0
            ],
            [
              259.0,
              1386.0
            ],
            [
              268.0,
              1392.0
            ],
            [
              271.0,
              1395.0
            ],
            [
              276.0,
              1395.0
            ],
            [
              281.0,
              1391.0
            ],
            [
              281.0,
              1389.0
            ],
            [
              282.0,
              1388.0
            ],
            [
              282.0,
              1382.0
            ],
            [
              285.0,
              1378.0
            ],
            [
              285.0,
              1372.0
            ],
            [
              282.0,
              1371.0
            ],
            [
              279.0,
              1368.0
            ],
            [
              279.0,
              1365.0
            ],
            [
              277.0,
              1361.0
            ],
            [
              277.0,
              1357.0
            ],
            [
              271.0,
              1357.0
            ]
          ]
        ]
      },
      "properties": {
        "building_id": "tile8_image_part_009_bldg_0058",
        "source_image": "tile8_image_part_009.jpg",
        "area_pixels": 643.5,
        "perimeter_pixels": 109.42,
        "mean_confidence": 0.5487,
        "spatial_reference_note": "Geographic coordinates unavailable because input imagery is not georeferenced."
      }
    },
    {
      "type": "Feature",
      "geometry": {
        "type": "Polygon",
        "coordinates": [
          [
            [
              534.0,
              1395.0
            ],
            [
              537.0,
              1405.0
            ],
            [
              536.0,
              1419.0
            ],
            [
              540.0,
              1425.0
            ],
            [
              538.0,
              1443.0
            ],
            [
              554.0,
              1448.0
            ],
            [
              607.0,
              1444.0
            ],
            [
              629.0,
              1430.0
            ],
            [
              645.0,
              1400.0
            ],
            [
              643.0,
              1382.0
            ],
            [
              640.0,
              1377.0
            ],
            [
              597.0,
              1368.0
            ],
            [
              568.0,
              1368.0
            ],
            [
              555.0,
              1372.0
            ],
            [
              545.0,
              1378.0
            ],
            [
              541.0,
              1392.0
            ],
            [
              534.0,
              1395.0
            ]
          ]
        ]
      },
      "properties": {
        "building_id": "tile8_image_part_009_bldg_0059",
        "source_image": "tile8_image_part_009.jpg",
        "area_pixels": 7163.5,
        "perimeter_pixels": 324.1,
        "mean_confidence": 0.7741,
        "spatial_reference_note": "Geographic coordinates unavailable because input imagery is not georeferenced."
      }
    },
    {
      "type": "Feature",
      "geometry": {
        "type": "Polygon",
        "coordinates": [
          [
            [
              514.0,
              1399.0
            ],
            [
              489.0,
              1391.0
            ],
            [
              479.0,
              1380.0
            ],
            [
              468.0,
              1379.0
            ],
            [
              462.0,
              1373.0
            ],
            [
              411.0,
              1371.0
            ],
            [
              393.0,
              1383.0
            ],
            [
              386.0,
              1400.0
            ],
            [
              386.0,
              1415.0
            ],
            [
              357.0,
              1403.0
            ],
            [
              315.0,
              1423.0
            ],
            [
              311.0,
              1432.0
            ],
            [
              316.0,
              1438.0
            ],
            [
              344.0,
              1442.0
            ],
            [
              375.0,
              1442.0
            ],
            [
              390.0,
              1436.0
            ],
            [
              402.0,
              1449.0
            ],
            [
              419.0,
              1452.0
            ],
            [
              476.0,
              1451.0
            ],
            [
              490.0,
              1444.0
            ],
            [
              507.0,
              1417.0
            ],
            [
              506.0,
              1411.0
            ],
            [
              512.0,
              1409.0
            ],
            [
              514.0,
              1399.0
            ]
          ]
        ]
      },
      "properties": {
        "building_id": "tile8_image_part_009_bldg_0060",
        "source_image": "tile8_image_part_009.jpg",
        "area_pixels": 10347.5,
        "perimeter_pixels": 499.83,
        "mean_confidence": 0.746,
        "spatial_reference_note": "Geographic coordinates unavailable because input imagery is not georeferenced."
      }
    },
    {
      "type": "Feature",
      "geometry": {
        "type": "Polygon",
        "coordinates": [
          [
            [
              1466.0,
              1392.0
            ],
            [
              1463.0,
              1392.0
            ],
            [
              1459.0,
              1390.0
            ],
            [
              1451.0,
              1390.0
            ],
            [
              1450.0,
              1391.0
            ],
            [
              1440.0,
              1392.0
            ],
            [
              1435.0,
              1397.0
            ],
            [
              1430.0,
              1407.0
            ],
            [
              1431.0,
              1414.0
            ],
            [
              1438.0,
              1418.0
            ],
            [
              1441.0,
              1425.0
            ],
            [
              1448.0,
              1430.0
            ],
            [
              1449.0,
              1437.0
            ],
            [
              1453.0,
              1437.0
            ],
            [
              1457.0,
              1433.0
            ],
            [
              1464.0,
              1433.0
            ],
            [
              1477.0,
              1423.0
            ],
            [
              1478.0,
              1407.0
            ],
            [
              1472.0,
              1401.0
            ],
            [
              1471.0,
              1396.0
            ],
            [
              1466.0,
              1392.0
            ]
          ]
        ]
      },
      "properties": {
        "building_id": "tile8_image_part_009_bldg_0061",
        "source_image": "tile8_image_part_009.jpg",
        "area_pixels": 1570.5,
        "perimeter_pixels": 152.69,
        "mean_confidence": 0.5764,
        "spatial_reference_note": "Geographic coordinates unavailable because input imagery is not georeferenced."
      }
    },
    {
      "type": "Feature",
      "geometry": {
        "type": "Polygon",
        "coordinates": [
          [
            [
              683.0,
              1464.0
            ],
            [
              684.0,
              1471.0
            ],
            [
              699.0,
              1475.0
            ],
            [
              743.0,
              1475.0
            ],
            [
              787.0,
              1472.0
            ],
            [
              787.0,
              1465.0
            ],
            [
              780.0,
              1467.0
            ],
            [
              776.0,
              1460.0
            ],
            [
              770.0,
              1457.0
            ],
            [
              762.0,
              1447.0
            ],
            [
              732.0,
              1440.0
            ],
            [
              712.0,
              1440.0
            ],
            [
              707.0,
              1443.0
            ],
            [
              700.0,
              1444.0
            ],
            [
              691.0,
              1454.0
            ],
            [
              690.0,
              1458.0
            ],
            [
              683.0,
              1464.0
            ]
          ]
        ]
      },
      "properties": {
        "building_id": "tile8_image_part_009_bldg_0062",
        "source_image": "tile8_image_part_009.jpg",
        "area_pixels": 2672.5,
        "perimeter_pixels": 243.06,
        "mean_confidence": 0.7621,
        "spatial_reference_note": "Geographic coordinates unavailable because input imagery is not georeferenced."
      }
    },
    {
      "type": "Feature",
      "geometry": {
        "type": "Polygon",
        "coordinates": [
          [
            [
              1575.0,
              1453.0
            ],
            [
              1575.0,
              1458.0
            ],
            [
              1578.0,
              1461.0
            ],
            [
              1578.0,
              1466.0
            ],
            [
              1586.0,
              1473.0
            ],
            [
              1627.0,
              1473.0
            ],
            [
              1635.0,
              1470.0
            ],
            [
              1635.0,
              1467.0
            ],
            [
              1633.0,
              1465.0
            ],
            [
              1631.0,
              1465.0
            ],
            [
              1620.0,
              1459.0
            ],
            [
              1615.0,
              1458.0
            ],
            [
              1614.0,
              1456.0
            ],
            [
              1608.0,
              1456.0
            ],
            [
              1603.0,
              1452.0
            ],
            [
              1584.0,
              1451.0
            ],
            [
              1583.0,
              1452.0
            ],
            [
              1575.0,
              1453.0
            ]
          ]
        ]
      },
      "properties": {
        "building_id": "tile8_image_part_009_bldg_0063",
        "source_image": "tile8_image_part_009.jpg",
        "area_pixels": 950.0,
        "perimeter_pixels": 143.02,
        "mean_confidence": 0.5679,
        "spatial_reference_note": "Geographic coordinates unavailable because input imagery is not georeferenced."
      }
    },
    {
      "type": "Feature",
      "geometry": {
        "type": "Polygon",
        "coordinates": [
          [
            [
              1976.0,
              1466.0
            ],
            [
              1976.0,
              1470.0
            ],
            [
              1977.0,
              1471.0
            ],
            [
              1977.0,
              1472.0
            ],
            [
              1988.0,
              1472.0
            ],
            [
              1989.0,
              1471.0
            ],
            [
              1993.0,
              1471.0
            ],
            [
              1994.0,
              1470.0
            ],
            [
              1998.0,
              1470.0
            ],
            [
              1999.0,
              1469.0
            ],
            [
              2001.0,
              1469.0
            ],
            [
              2001.0,
              1457.0
            ],
            [
              2000.0,
              1456.0
            ],
            [
              1995.0,
              1454.0
            ],
            [
              1994.0,
              1453.0
            ],
            [
              1994.0,
              1451.0
            ],
            [
              1985.0,
              1451.0
            ],
            [
              1981.0,
              1454.0
            ],
            [
              1981.0,
              1455.0
            ],
            [
              1980.0,
              1456.0
            ],
            [
              1980.0,
              1461.0
            ],
            [
              1977.0,
              1464.0
            ],
            [
              1977.0,
              1465.0
            ],
            [
              1976.0,
              1466.0
            ]
          ]
        ]
      },
      "properties": {
        "building_id": "tile8_image_part_009_bldg_0064",
        "source_image": "tile8_image_part_009.jpg",
        "area_pixels": 413.5,
        "perimeter_pixels": 81.94,
        "mean_confidence": 0.5767,
        "spatial_reference_note": "Geographic coordinates unavailable because input imagery is not georeferenced."
      }
    },
    {
      "type": "Feature",
      "geometry": {
        "type": "Polygon",
        "coordinates": [
          [
            [
              1940.0,
              1461.0
            ],
            [
              1933.0,
              1455.0
            ],
            [
              1920.0,
              1455.0
            ],
            [
              1914.0,
              1458.0
            ],
            [
              1910.0,
              1462.0
            ],
            [
              1908.0,
              1466.0
            ],
            [
              1905.0,
              1469.0
            ],
            [
              1900.0,
              1471.0
            ],
            [
              1900.0,
              1473.0
            ],
            [
              1912.0,
              1473.0
            ],
            [
              1913.0,
              1474.0
            ],
            [
              1920.0,
              1474.0
            ],
            [
              1921.0,
              1473.0
            ],
            [
              1934.0,
              1473.0
            ],
            [
              1938.0,
              1470.0
            ],
            [
              1939.0,
              1470.0
            ],
            [
              1940.0,
              1468.0
            ],
            [
              1940.0,
              1461.0
            ]
          ]
        ]
      },
      "properties": {
        "building_id": "tile8_image_part_009_bldg_0065",
        "source_image": "tile8_image_part_009.jpg",
        "area_pixels": 534.5,
        "perimeter_pixels": 100.75,
        "mean_confidence": 0.6238,
        "spatial_reference_note": "Geographic coordinates unavailable because input imagery is not georeferenced."
      }
    },
    {
      "type": "Feature",
      "geometry": {
        "type": "Polygon",
        "coordinates": [
          [
            [
              8.0,
              1463.0
            ],
            [
              8.0,
              1466.0
            ],
            [
              11.0,
              1469.0
            ],
            [
              13.0,
              1469.0
            ],
            [
              14.0,
              1470.0
            ],
            [
              15.0,
              1470.0
            ],
            [
              16.0,
              1471.0
            ],
            [
              17.0,
              1471.0
            ],
            [
              18.0,
              1472.0
            ],
            [
              20.0,
              1472.0
            ],
            [
              21.0,
              1471.0
            ],
            [
              22.0,
              1471.0
            ],
            [
              23.0,
              1470.0
            ],
            [
              25.0,
              1470.0
            ],
            [
              26.0,
              1469.0
            ],
            [
              26.0,
              1467.0
            ],
            [
              25.0,
              1466.0
            ],
            [
              25.0,
              1465.0
            ],
            [
              21.0,
              1461.0
            ],
            [
              20.0,
              1461.0
            ],
            [
              19.0,
              1460.0
            ],
            [
              11.0,
              1460.0
            ],
            [
              10.0,
              1461.0
            ],
            [
              9.0,
              1461.0
            ],
            [
              9.0,
              1462.0
            ],
            [
              8.0,
              1463.0
            ]
          ]
        ]
      },
      "properties": {
        "building_id": "tile8_image_part_009_bldg_0066",
        "source_image": "tile8_image_part_009.jpg",
        "area_pixels": 155.5,
        "perimeter_pixels": 50.04,
        "mean_confidence": 0.5443,
        "spatial_reference_note": "Geographic coordinates unavailable because input imagery is not georeferenced."
      }
    }
  ]
}